Game_Date,Training_Date,Team_Name,Opponent_Team,Location,Coach_Name,Player_Position,Points_Scored,Rebounds,Assists,Steals,Blocks
2026-01-01,2026-01-02,Heat,Spurs,Away,Coach Smith,Guard,101,18,14,1,3
2026-01-02,2026-01-03,Celtics,Knicks,Home,Coach Smith,Center,64,9,7,3,1
2026-01-03,2026-01-04,Bulls,Knicks,Away,Coach Tan,Center,121,9,2,0,0
2026-01-04,2026-01-05,Lakers,Suns,Away,Coach Cruz,Forward,110,14,8,2,4
2026-01-05,2026-01-06,Heat,Raptors,Home,Coach Lee,Forward,70,18,13,3,3
2026-01-06,2026-01-07,Celtics,Nets,Home,Coach Reyes,Guard,124,8,2,2,1
2026-01-07,2026-01-08,Bulls,Nets,Home,Coach Lee,Forward,124,10,6,2,2
2026-01-08,2026-01-09,Heat,Raptors,Home,Coach Smith,Guard,73,11,11,0,3
2026-01-09,2026-01-10,Warriors,Knicks,Home,Coach Lee,Center,52,13,14,3,0
2026-01-10,2026-01-11,Heat,Knicks,Away,Coach Smith,Forward,71,5,9,4,0
2026-01-11,2026-01-12,Lakers,Spurs,Home,Coach Smith,Center,102,19,5,0,2
2026-01-12,2026-01-13,Heat,Suns,Home,Coach Smith,Forward,51,10,6,0,1
2026-01-13,2026-01-14,Bulls,Suns,Home,Coach Smith,Guard,79,11,5,3,3
2026-01-14,2026-01-15,Bulls,Suns,Home,Coach Smith,Center,87,7,13,3,1
2026-01-15,2026-01-16,Heat,Spurs,Home,Coach Tan,Center,51,12,13,2,0
2026-01-16,2026-01-17,Bulls,Suns,Away,Coach Lee,Forward,113,19,5,3,1
2026-01-17,2026-01-18,Warriors,Raptors,Home,Coach Tan,Center,109,9,13,2,0
2026-01-18,2026-01-19,Heat,Spurs,Home,Coach Tan,Guard,70,19,9,0,1
2026-01-19,2026-01-20,Warriors,Raptors,Home,Coach Cruz,Center,82,13,3,1,2
2026-01-20,2026-01-21,Warriors,Spurs,Away,Coach Cruz,Center,125,9,2,4,4
2026-01-21,2026-01-22,Celtics,Suns,Away,Coach Cruz,Forward,107,13,4,0,2
2026-01-22,2026-01-23,Heat,Raptors,Home,Coach Reyes,Center,71,14,10,3,2
2026-01-23,2026-01-24,Bulls,Raptors,Home,Coach Cruz,Forward,98,8,5,4,4
2026-01-24,2026-01-25,Warriors,Raptors,Away,Coach Lee,Forward,108,13,11,1,4
2026-01-25,2026-01-26,Celtics,Spurs,Away,Coach Tan,Center,91,9,6,1,3
2026-01-26,2026-01-27,Heat,Nets,Away,Coach Lee,Guard,109,14,3,2,3
2026-01-27,2026-01-28,Heat,Suns,Home,Coach Cruz,Forward,129,13,5,4,2
2026-01-28,2026-01-29,Lakers,Raptors,Home,Coach Reyes,Center,64,7,3,2,2
2026-01-29,2026-01-30,Lakers,Nets,Away,Coach Reyes,Forward,111,19,3,0,0
2026-01-30,2026-01-31,Warriors,Suns,Home,Coach Tan,Guard,111,8,5,4,0
2026-01-31,2026-02-01,Lakers,Suns,Away,Coach Lee,Guard,96,13,7,0,3
2026-02-01,2026-02-02,Warriors,Raptors,Away,Coach Smith,Forward,111,14,8,2,3
2026-02-02,2026-02-03,Bulls,Raptors,Away,Coach Lee,Guard,100,15,11,4,0
2026-02-03,2026-02-04,Warriors,Spurs,Home,Coach Cruz,Center,104,10,4,2,0
2026-02-04,2026-02-05,Lakers,Nets,Away,Coach Smith,Center,113,6,4,4,1
2026-02-05,2026-02-06,Bulls,Nets,Away,Coach Reyes,Forward,52,11,11,2,1
2026-02-06,2026-02-07,Lakers,Raptors,Home,Coach Tan,Guard,100,6,7,1,0
2026-02-07,2026-02-08,Warriors,Suns,Away,Coach Tan,Center,56,15,14,2,1
2026-02-08,2026-02-09,Celtics,Raptors,Home,Coach Reyes,Center,70,6,13,1,4
2026-02-09,2026-02-10,Heat,Suns,Away,Coach Cruz,Center,122,15,4,2,3
2026-02-10,2026-02-11,Lakers,Suns,Home,Coach Reyes,Forward,88,5,14,4,3
2026-02-11,2026-02-12,Warriors,Raptors,Away,Coach Cruz,Forward,67,15,3,4,0
2026-02-12,2026-02-13,Bulls,Knicks,Away,Coach Smith,Center,53,15,9,4,2
2026-02-13,2026-02-14,Lakers,Nets,Away,Coach Reyes,Center,109,16,6,3,0
2026-02-14,2026-02-15,Lakers,Suns,Away,Coach Cruz,Guard,63,15,2,0,1
2026-02-15,2026-02-16,Heat,Suns,Away,Coach Smith,Guard,58,7,4,4,2
2026-02-16,2026-02-17,Warriors,Knicks,Home,Coach Reyes,Guard,102,10,11,1,1
2026-02-17,2026-02-18,Celtics,Spurs,Home,Coach Tan,Forward,51,12,9,4,4
2026-02-18,2026-02-19,Bulls,Knicks,Away,Coach Reyes,Center,109,13,5,3,1
2026-02-19,2026-02-20,Warriors,Knicks,Away,Coach Lee,Forward,120,11,8,1,4
2026-02-20,2026-02-21,Bulls,Suns,Away,Coach Reyes,Center,93,8,11,3,4
2026-02-21,2026-02-22,Lakers,Nets,Home,Coach Lee,Guard,57,10,13,1,1
2026-02-22,2026-02-23,Heat,Knicks,Home,Coach Smith,Guard,96,9,3,2,1
2026-02-23,2026-02-24,Heat,Spurs,Away,Coach Reyes,Guard,84,12,8,0,4
2026-02-24,2026-02-25,Celtics,Raptors,Home,Coach Smith,Guard,127,5,6,0,2
2026-02-25,2026-02-26,Heat,Knicks,Away,Coach Smith,Center,85,5,6,3,4
2026-02-26,2026-02-27,Lakers,Knicks,Away,Coach Cruz,Guard,99,17,7,0,3
2026-02-27,2026-02-28,Celtics,Spurs,Away,Coach Smith,Center,53,19,14,3,4
2026-02-28,2026-03-01,Warriors,Nets,Home,Coach Smith,Center,51,15,10,3,2
2026-03-01,2026-03-02,Heat,Knicks,Away,Coach Reyes,Forward,55,10,7,3,3
2026-03-02,2026-03-03,Celtics,Knicks,Away,Coach Reyes,Guard,103,14,13,0,0
2026-03-03,2026-03-04,Lakers,Nets,Away,Coach Tan,Guard,53,16,14,3,0
2026-03-04,2026-03-05,Bulls,Spurs,Home,Coach Cruz,Forward,103,6,9,0,2
2026-03-05,2026-03-06,Bulls,Knicks,Home,Coach Smith,Center,112,9,8,3,4
2026-03-06,2026-03-07,Lakers,Nets,Home,Coach Cruz,Guard,67,5,10,4,1
2026-03-07,2026-03-08,Lakers,Knicks,Away,Coach Lee,Center,93,11,5,3,2
2026-03-08,2026-03-09,Bulls,Raptors,Home,Coach Smith,Forward,83,5,3,1,3
2026-03-09,2026-03-10,Celtics,Suns,Away,Coach Cruz,Center,123,8,8,3,3
2026-03-10,2026-03-11,Bulls,Raptors,Home,Coach Tan,Guard,111,13,7,2,0
2026-03-11,2026-03-12,Lakers,Knicks,Away,Coach Tan,Center,63,5,2,3,3
2026-03-12,2026-03-13,Heat,Spurs,Home,Coach Smith,Center,97,8,12,1,2
2026-03-13,2026-03-14,Warriors,Suns,Away,Coach Lee,Guard,64,10,10,1,3
2026-03-14,2026-03-15,Heat,Raptors,Home,Coach Tan,Guard,121,10,10,0,2
2026-03-15,2026-03-16,Heat,Nets,Home,Coach Tan,Center,127,16,13,4,1
2026-03-16,2026-03-17,Lakers,Spurs,Home,Coach Lee,Center,111,19,3,3,0
2026-03-17,2026-03-18,Bulls,Raptors,Away,Coach Cruz,Forward,89,17,4,0,3
2026-03-18,2026-03-19,Celtics,Nets,Home,Coach Tan,Guard,129,12,6,4,2
2026-03-19,2026-03-20,Heat,Knicks,Home,Coach Reyes,Center,102,5,6,3,4
2026-03-20,2026-03-21,Bulls,Nets,Home,Coach Tan,Guard,73,11,2,2,0
2026-03-21,2026-03-22,Celtics,Raptors,Home,Coach Cruz,Forward,75,5,9,3,1
2026-03-22,2026-03-23,Heat,Raptors,Away,Coach Cruz,Center,109,17,13,1,2
2026-03-23,2026-03-24,Celtics,Knicks,Home,Coach Smith,Center,90,18,9,1,1
2026-03-24,2026-03-25,Bulls,Nets,Away,Coach Reyes,Center,78,11,5,2,1
2026-03-25,2026-03-26,Warriors,Nets,Away,Coach Cruz,Guard,64,7,14,0,3
2026-03-26,2026-03-27,Bulls,Knicks,Away,Coach Lee,Forward,94,15,8,4,3
2026-03-27,2026-03-28,Lakers,Nets,Away,Coach Reyes,Guard,114,12,12,3,2
2026-03-28,2026-03-29,Celtics,Knicks,Home,Coach Reyes,Center,120,7,11,1,4
2026-03-29,2026-03-30,Warriors,Spurs,Away,Coach Lee,Forward,58,18,4,0,2
2026-03-30,2026-03-31,Celtics,Raptors,Away,Coach Tan,Center,50,18,7,2,4
2026-03-31,2026-04-01,Celtics,Spurs,Away,Coach Lee,Center,57,17,11,1,1
2026-04-01,2026-04-02,Heat,Suns,Away,Coach Lee,Guard,112,5,14,2,0
2026-04-02,2026-04-03,Lakers,Suns,Home,Coach Tan,Center,60,17,11,3,2
2026-04-03,2026-04-04,Celtics,Suns,Home,Coach Tan,Forward,57,17,13,4,2
2026-04-04,2026-04-05,Bulls,Knicks,Away,Coach Tan,Center,84,18,10,1,4
2026-04-05,2026-04-06,Bulls,Nets,Away,Coach Tan,Center,84,12,2,1,1
2026-04-06,2026-04-07,Heat,Spurs,Away,Coach Tan,Guard,82,7,6,3,1
2026-04-07,2026-04-08,Lakers,Spurs,Home,Coach Lee,Forward,54,6,5,0,4
2026-04-08,2026-04-09,Lakers,Spurs,Home,Coach Smith,Guard,90,5,9,4,1
2026-04-09,2026-04-10,Bulls,Spurs,Home,Coach Smith,Center,77,18,12,1,3
2026-04-10,2026-04-11,Warriors,Suns,Home,Coach Cruz,Guard,56,7,13,4,0
2026-04-11,2026-04-12,Heat,Spurs,Home,Coach Smith,Guard,122,19,2,1,2
2026-04-12,2026-04-13,Heat,Nets,Away,Coach Smith,Guard,121,6,10,4,0
2026-04-13,2026-04-14,Bulls,Suns,Home,Coach Lee,Guard,61,6,7,2,2
2026-04-14,2026-04-15,Bulls,Spurs,Home,Coach Tan,Center,83,10,5,1,3
2026-04-15,2026-04-16,Warriors,Knicks,Away,Coach Tan,Center,82,16,13,4,1
2026-04-16,2026-04-17,Warriors,Raptors,Home,Coach Lee,Forward,97,5,10,0,4
2026-04-17,2026-04-18,Lakers,Raptors,Home,Coach Smith,Guard,72,6,12,2,3
2026-04-18,2026-04-19,Heat,Raptors,Home,Coach Lee,Guard,111,18,6,2,0
2026-04-19,2026-04-20,Heat,Suns,Away,Coach Cruz,Forward,86,10,6,0,4
2026-04-20,2026-04-21,Bulls,Spurs,Home,Coach Tan,Guard,93,7,13,4,1
2026-04-21,2026-04-22,Lakers,Suns,Away,Coach Reyes,Forward,84,19,6,3,3
2026-04-22,2026-04-23,Heat,Nets,Away,Coach Cruz,Center,114,8,2,0,4
2026-04-23,2026-04-24,Lakers,Knicks,Home,Coach Cruz,Forward,96,5,2,4,3
2026-04-24,2026-04-25,Lakers,Knicks,Home,Coach Lee,Guard,127,12,9,0,3
2026-04-25,2026-04-26,Bulls,Raptors,Home,Coach Smith,Forward,52,17,13,0,1
2026-04-26,2026-04-27,Lakers,Raptors,Home,Coach Tan,Center,50,11,9,1,2
2026-04-27,2026-04-28,Warriors,Raptors,Away,Coach Reyes,Guard,54,11,13,4,4
2026-04-28,2026-04-29,Warriors,Spurs,Home,Coach Cruz,Center,63,7,7,3,1
2026-04-29,2026-04-30,Celtics,Nets,Away,Coach Reyes,Center,76,14,13,1,3
2026-04-30,2026-05-01,Bulls,Nets,Away,Coach Smith,Forward,58,14,12,0,1
2026-05-01,2026-05-02,Celtics,Nets,Away,Coach Smith,Center,128,7,14,0,2
2026-05-02,2026-05-03,Warriors,Nets,Away,Coach Reyes,Guard,64,18,5,0,4
2026-05-03,2026-05-04,Celtics,Raptors,Away,Coach Tan,Center,91,6,3,4,2
2026-05-04,2026-05-05,Bulls,Knicks,Home,Coach Smith,Center,126,16,3,4,0
2026-05-05,2026-05-06,Bulls,Raptors,Away,Coach Reyes,Forward,100,5,10,1,4
2026-05-06,2026-05-07,Lakers,Nets,Away,Coach Cruz,Center,112,11,6,3,2
2026-05-07,2026-05-08,Heat,Raptors,Home,Coach Reyes,Forward,101,11,5,1,3
2026-05-08,2026-05-09,Lakers,Nets,Home,Coach Reyes,Forward,53,16,11,2,4
2026-05-09,2026-05-10,Bulls,Suns,Away,Coach Lee,Guard,72,6,14,0,4
2026-05-10,2026-05-11,Warriors,Knicks,Away,Coach Smith,Guard,64,11,2,0,1
2026-05-11,2026-05-12,Warriors,Suns,Home,Coach Tan,Guard,92,17,8,0,3
2026-05-12,2026-05-13,Lakers,Spurs,Away,Coach Tan,Guard,78,12,4,1,0
2026-05-13,2026-05-14,Bulls,Raptors,Home,Coach Lee,Forward,85,5,7,1,2
2026-05-14,2026-05-15,Warriors,Spurs,Home,Coach Tan,Center,62,13,6,0,1
2026-05-15,2026-05-16,Bulls,Raptors,Away,Coach Reyes,Guard,81,11,6,1,2
2026-05-16,2026-05-17,Warriors,Suns,Home,Coach Lee,Guard,120,7,12,4,0
2026-05-17,2026-05-18,Bulls,Nets,Away,Coach Cruz,Guard,108,12,6,4,0
2026-05-18,2026-05-19,Celtics,Nets,Away,Coach Smith,Center,77,11,2,1,4
2026-05-19,2026-05-20,Bulls,Raptors,Away,Coach Smith,Guard,115,15,2,0,0
2026-05-20,2026-05-21,Bulls,Nets,Home,Coach Smith,Center,91,19,4,1,2
2026-05-21,2026-05-22,Lakers,Suns,Away,Coach Reyes,Forward,94,17,13,1,3
2026-05-22,2026-05-23,Celtics,Nets,Home,Coach Cruz,Forward,111,12,11,1,3
2026-05-23,2026-05-24,Heat,Suns,Away,Coach Lee,Forward,106,10,5,2,4
2026-05-24,2026-05-25,Lakers,Spurs,Away,Coach Lee,Center,55,13,6,4,2
2026-05-25,2026-05-26,Heat,Suns,Home,Coach Smith,Guard,77,19,3,3,2
2026-05-26,2026-05-27,Warriors,Knicks,Away,Coach Cruz,Guard,77,9,9,3,0
2026-05-27,2026-05-28,Heat,Knicks,Away,Coach Cruz,Guard,93,7,12,2,2
2026-05-28,2026-05-29,Bulls,Knicks,Home,Coach Cruz,Guard,79,7,12,1,1
2026-05-29,2026-05-30,Heat,Raptors,Home,Coach Tan,Guard,111,5,3,2,0
2026-05-30,2026-05-31,Lakers,Raptors,Home,Coach Tan,Center,124,16,10,2,1
2026-05-31,2026-06-01,Lakers,Raptors,Away,Coach Smith,Forward,111,19,3,0,4
2026-06-01,2026-06-02,Heat,Suns,Home,Coach Cruz,Guard,50,12,14,4,3
2026-06-02,2026-06-03,Lakers,Raptors,Home,Coach Cruz,Forward,76,6,10,3,4
2026-06-03,2026-06-04,Lakers,Spurs,Away,Coach Lee,Center,111,7,8,1,3
2026-06-04,2026-06-05,Heat,Knicks,Home,Coach Lee,Center,126,12,9,3,4
2026-06-05,2026-06-06,Celtics,Suns,Away,Coach Smith,Guard,52,18,12,3,2
2026-06-06,2026-06-07,Celtics,Knicks,Away,Coach Cruz,Center,119,12,3,4,1
2026-06-07,2026-06-08,Warriors,Raptors,Home,Coach Smith,Forward,121,18,8,3,3
2026-06-08,2026-06-09,Lakers,Suns,Away,Coach Lee,Guard,76,15,13,3,0
2026-06-09,2026-06-10,Heat,Nets,Home,Coach Lee,Guard,58,8,7,2,1
2026-06-10,2026-06-11,Lakers,Spurs,Home,Coach Tan,Forward,111,8,5,4,0
2026-06-11,2026-06-12,Bulls,Raptors,Home,Coach Smith,Guard,86,9,8,0,1
2026-06-12,2026-06-13,Lakers,Raptors,Home,Coach Smith,Guard,100,10,14,1,1
2026-06-13,2026-06-14,Lakers,Spurs,Away,Coach Cruz,Forward,93,9,5,3,4
2026-06-14,2026-06-15,Celtics,Spurs,Away,Coach Cruz,Guard,73,18,3,1,3
2026-06-15,2026-06-16,Heat,Nets,Home,Coach Tan,Guard,128,19,11,0,3
2026-06-16,2026-06-17,Lakers,Raptors,Home,Coach Reyes,Forward,108,11,13,1,1
2026-06-17,2026-06-18,Celtics,Raptors,Away,Coach Reyes,Center,81,6,8,0,2
2026-06-18,2026-06-19,Warriors,Knicks,Home,Coach Reyes,Forward,101,11,9,2,2
2026-06-19,2026-06-20,Celtics,Suns,Away,Coach Smith,Guard,111,14,3,3,0
2026-06-20,2026-06-21,Celtics,Suns,Home,Coach Smith,Forward,107,11,6,0,0
2026-06-21,2026-06-22,Celtics,Knicks,Away,Coach Lee,Guard,101,5,2,1,4
2026-06-22,2026-06-23,Lakers,Suns,Away,Coach Smith,Guard,61,11,8,3,1
2026-06-23,2026-06-24,Lakers,Spurs,Away,Coach Smith,Forward,88,9,9,2,0
2026-06-24,2026-06-25,Warriors,Suns,Home,Coach Smith,Guard,51,7,14,3,0
2026-06-25,2026-06-26,Bulls,Suns,Home,Coach Tan,Center,52,17,7,0,1
2026-06-26,2026-06-27,Bulls,Knicks,Home,Coach Smith,Guard,105,7,6,2,4
2026-06-27,2026-06-28,Bulls,Nets,Home,Coach Cruz,Forward,108,8,7,1,0
2026-06-28,2026-06-29,Warriors,Suns,Home,Coach Cruz,Center,51,17,3,2,4
2026-06-29,2026-06-30,Bulls,Suns,Away,Coach Lee,Center,51,16,2,2,3
2026-06-30,2026-07-01,Bulls,Nets,Away,Coach Tan,Guard,103,6,8,4,4
2026-07-01,2026-07-02,Celtics,Knicks,Away,Coach Cruz,Forward,50,6,8,2,2
2026-07-02,2026-07-03,Lakers,Nets,Away,Coach Tan,Guard,68,5,11,2,2
2026-07-03,2026-07-04,Lakers,Knicks,Away,Coach Tan,Guard,51,19,12,3,4
2026-07-04,2026-07-05,Celtics,Spurs,Away,Coach Lee,Forward,102,9,11,1,2
2026-07-05,2026-07-06,Celtics,Knicks,Away,Coach Tan,Forward,93,8,3,3,3
2026-07-06,2026-07-07,Celtics,Spurs,Home,Coach Smith,Guard,81,15,3,3,1
2026-07-07,2026-07-08,Lakers,Spurs,Away,Coach Tan,Center,119,14,2,0,2
2026-07-08,2026-07-09,Bulls,Knicks,Home,Coach Lee,Guard,81,19,11,3,2
2026-07-09,2026-07-10,Celtics,Raptors,Away,Coach Lee,Center,117,6,9,4,4
2026-07-10,2026-07-11,Warriors,Knicks,Away,Coach Lee,Guard,104,7,9,4,3
2026-07-11,2026-07-12,Celtics,Suns,Home,Coach Cruz,Forward,124,11,2,0,1
2026-07-12,2026-07-13,Heat,Suns,Away,Coach Smith,Center,105,11,13,1,4
2026-07-13,2026-07-14,Celtics,Raptors,Home,Coach Cruz,Forward,66,16,12,1,4
2026-07-14,2026-07-15,Lakers,Spurs,Away,Coach Reyes,Forward,87,8,9,3,3
2026-07-15,2026-07-16,Celtics,Raptors,Home,Coach Smith,Forward,73,9,10,3,1
2026-07-16,2026-07-17,Heat,Suns,Away,Coach Tan,Forward,118,9,5,3,3
2026-07-17,2026-07-18,Warriors,Raptors,Home,Coach Lee,Forward,119,10,2,1,1
2026-07-18,2026-07-19,Bulls,Knicks,Home,Coach Reyes,Guard,60,18,2,2,3
2026-07-19,2026-07-20,Celtics,Raptors,Away,Coach Smith,Center,65,13,4,4,4
2026-07-20,2026-07-21,Heat,Spurs,Away,Coach Cruz,Guard,122,6,6,2,4
2026-07-21,2026-07-22,Heat,Knicks,Home,Coach Lee,Guard,108,9,6,2,0
2026-07-22,2026-07-23,Warriors,Nets,Away,Coach Cruz,Guard,119,16,10,1,2
2026-07-23,2026-07-24,Lakers,Suns,Home,Coach Smith,Forward,129,7,11,2,3
2026-07-24,2026-07-25,Celtics,Suns,Away,Coach Smith,Guard,52,8,13,0,0
2026-07-25,2026-07-26,Heat,Raptors,Home,Coach Reyes,Center,69,14,3,3,2
2026-07-26,2026-07-27,Warriors,Knicks,Away,Coach Tan,Guard,108,10,3,0,3
2026-07-27,2026-07-28,Bulls,Nets,Home,Coach Cruz,Forward,85,16,7,4,1
2026-07-28,2026-07-29,Heat,Knicks,Away,Coach Reyes,Center,68,12,10,3,2
2026-07-29,2026-07-30,Warriors,Suns,Home,Coach Lee,Center,116,5,2,2,4
2026-07-30,2026-07-31,Lakers,Knicks,Home,Coach Tan,Center,68,14,10,4,0
2026-07-31,2026-08-01,Lakers,Nets,Away,Coach Reyes,Center,69,18,10,3,2
2026-08-01,2026-08-02,Heat,Raptors,Away,Coach Cruz,Guard,120,12,14,2,2
2026-08-02,2026-08-03,Heat,Spurs,Home,Coach Smith,Forward,101,15,10,0,4
2026-08-03,2026-08-04,Celtics,Knicks,Home,Coach Lee,Center,82,18,6,3,3
2026-08-04,2026-08-05,Warriors,Spurs,Home,Coach Cruz,Center,89,11,14,2,1
2026-08-05,2026-08-06,Heat,Suns,Home,Coach Tan,Forward,88,5,10,0,4
2026-08-06,2026-08-07,Celtics,Raptors,Away,Coach Tan,Guard,50,6,12,4,1
2026-08-07,2026-08-08,Celtics,Raptors,Home,Coach Smith,Center,60,7,5,4,3
2026-08-08,2026-08-09,Heat,Knicks,Home,Coach Smith,Guard,106,5,3,4,2
2026-08-09,2026-08-10,Lakers,Raptors,Home,Coach Lee,Guard,99,18,14,4,1
2026-08-10,2026-08-11,Warriors,Knicks,Away,Coach Lee,Guard,72,13,7,1,0
2026-08-11,2026-08-12,Warriors,Knicks,Home,Coach Smith,Guard,80,12,5,3,0
2026-08-12,2026-08-13,Lakers,Spurs,Away,Coach Smith,Center,91,6,7,3,4
2026-08-13,2026-08-14,Heat,Raptors,Away,Coach Tan,Center,56,17,4,1,3
2026-08-14,2026-08-15,Warriors,Knicks,Away,Coach Smith,Guard,65,13,7,2,4
2026-08-15,2026-08-16,Heat,Spurs,Away,Coach Reyes,Guard,109,11,3,2,4
2026-08-16,2026-08-17,Heat,Nets,Away,Coach Cruz,Forward,51,13,3,4,4
2026-08-17,2026-08-18,Celtics,Spurs,Away,Coach Smith,Forward,50,10,14,0,0
2026-08-18,2026-08-19,Lakers,Spurs,Away,Coach Lee,Forward,97,10,10,2,0
2026-08-19,2026-08-20,Heat,Knicks,Home,Coach Reyes,Center,61,15,8,0,4
2026-08-20,2026-08-21,Bulls,Suns,Home,Coach Lee,Forward,118,18,4,3,0
2026-08-21,2026-08-22,Lakers,Suns,Away,Coach Reyes,Center,86,8,14,0,3
2026-08-22,2026-08-23,Warriors,Suns,Home,Coach Smith,Center,81,14,12,3,4
2026-08-23,2026-08-24,Celtics,Spurs,Home,Coach Cruz,Center,58,14,2,1,0
2026-08-24,2026-08-25,Warriors,Knicks,Away,Coach Lee,Center,68,17,9,1,1
2026-08-25,2026-08-26,Warriors,Raptors,Home,Coach Reyes,Forward,97,17,7,4,4
2026-08-26,2026-08-27,Lakers,Spurs,Away,Coach Tan,Guard,129,6,8,2,4
2026-08-27,2026-08-28,Warriors,Spurs,Home,Coach Smith,Guard,52,11,10,4,3
2026-08-28,2026-08-29,Heat,Knicks,Away,Coach Cruz,Guard,69,9,6,3,2
2026-08-29,2026-08-30,Warriors,Nets,Away,Coach Smith,Forward,73,15,2,4,2
2026-08-30,2026-08-31,Celtics,Spurs,Home,Coach Tan,Guard,103,10,13,0,3
2026-08-31,2026-09-01,Celtics,Nets,Home,Coach Cruz,Forward,82,6,11,3,3
2026-09-01,2026-09-02,Bulls,Nets,Away,Coach Tan,Forward,73,9,8,1,3
2026-09-02,2026-09-03,Celtics,Suns,Away,Coach Smith,Forward,124,14,6,2,2
2026-09-03,2026-09-04,Warriors,Knicks,Away,Coach Reyes,Guard,121,8,4,3,3
2026-09-04,2026-09-05,Celtics,Nets,Home,Coach Smith,Guard,85,13,13,3,0
2026-09-05,2026-09-06,Lakers,Knicks,Home,Coach Smith,Guard,87,10,14,0,4
2026-09-06,2026-09-07,Celtics,Suns,Home,Coach Smith,Center,74,6,10,2,4
2026-09-07,2026-09-08,Heat,Knicks,Home,Coach Lee,Forward,67,5,2,1,1
2026-09-08,2026-09-09,Lakers,Spurs,Away,Coach Tan,Center,115,9,2,3,1
2026-09-09,2026-09-10,Bulls,Nets,Away,Coach Tan,Forward,103,13,2,3,4
2026-09-10,2026-09-11,Heat,Knicks,Away,Coach Tan,Guard,84,10,4,0,0
2026-09-11,2026-09-12,Warriors,Raptors,Away,Coach Lee,Forward,129,14,13,4,2
2026-09-12,2026-09-13,Warriors,Knicks,Home,Coach Reyes,Forward,110,16,7,1,2
2026-09-13,2026-09-14,Warriors,Nets,Away,Coach Smith,Center,90,11,11,2,0
2026-09-14,2026-09-15,Heat,Suns,Away,Coach Reyes,Forward,82,9,12,3,2
2026-09-15,2026-09-16,Heat,Suns,Home,Coach Lee,Guard,117,14,4,3,3
2026-09-16,2026-09-17,Heat,Nets,Home,Coach Tan,Forward,82,10,9,1,4
2026-09-17,2026-09-18,Lakers,Spurs,Away,Coach Smith,Forward,63,9,11,4,4
2026-09-18,2026-09-19,Lakers,Spurs,Home,Coach Cruz,Forward,70,15,3,3,0
2026-09-19,2026-09-20,Warriors,Suns,Away,Coach Cruz,Center,97,13,10,1,2
2026-09-20,2026-09-21,Celtics,Suns,Home,Coach Reyes,Forward,69,19,4,0,1
2026-09-21,2026-09-22,Warriors,Nets,Home,Coach Tan,Forward,57,10,6,4,1
2026-09-22,2026-09-23,Bulls,Spurs,Away,Coach Cruz,Center,56,15,11,2,2
2026-09-23,2026-09-24,Lakers,Suns,Home,Coach Reyes,Center,116,12,9,3,1
2026-09-24,2026-09-25,Heat,Spurs,Away,Coach Lee,Center,66,6,3,1,0
2026-09-25,2026-09-26,Lakers,Suns,Home,Coach Reyes,Center,82,16,7,0,0
2026-09-26,2026-09-27,Heat,Knicks,Home,Coach Reyes,Guard,97,17,13,2,2
2026-09-27,2026-09-28,Bulls,Raptors,Home,Coach Reyes,Guard,125,13,6,1,1
2026-09-28,2026-09-29,Bulls,Knicks,Home,Coach Smith,Forward,108,9,14,1,0
2026-09-29,2026-09-30,Lakers,Suns,Home,Coach Reyes,Guard,71,11,11,2,0
2026-09-30,2026-10-01,Heat,Raptors,Away,Coach Reyes,Forward,79,14,10,0,3
2026-10-01,2026-10-02,Bulls,Raptors,Home,Coach Smith,Guard,87,17,13,0,3
2026-10-02,2026-10-03,Warriors,Suns,Away,Coach Smith,Center,100,5,6,4,0
2026-10-03,2026-10-04,Warriors,Suns,Home,Coach Lee,Center,103,14,3,3,2
2026-10-04,2026-10-05,Heat,Spurs,Away,Coach Tan,Guard,57,9,6,2,4
2026-10-05,2026-10-06,Lakers,Suns,Home,Coach Cruz,Guard,76,16,13,2,4
2026-10-06,2026-10-07,Bulls,Nets,Away,Coach Cruz,Forward,76,18,5,2,0
2026-10-07,2026-10-08,Lakers,Suns,Away,Coach Reyes,Forward,70,14,12,0,0
2026-10-08,2026-10-09,Warriors,Nets,Home,Coach Lee,Forward,79,18,8,3,0
2026-10-09,2026-10-10,Bulls,Suns,Home,Coach Reyes,Center,77,6,7,4,2
2026-10-10,2026-10-11,Lakers,Spurs,Home,Coach Cruz,Center,113,16,3,1,3
2026-10-11,2026-10-12,Celtics,Nets,Away,Coach Smith,Center,118,10,13,1,0
2026-10-12,2026-10-13,Heat,Knicks,Away,Coach Tan,Center,110,15,12,2,0
2026-10-13,2026-10-14,Heat,Nets,Home,Coach Lee,Forward,97,5,12,3,1
2026-10-14,2026-10-15,Celtics,Spurs,Home,Coach Smith,Center,68,7,14,0,2
2026-10-15,2026-10-16,Warriors,Nets,Away,Coach Tan,Center,53,9,6,3,0
2026-10-16,2026-10-17,Bulls,Suns,Away,Coach Lee,Center,84,8,8,3,1
2026-10-17,2026-10-18,Heat,Suns,Home,Coach Lee,Center,113,7,12,0,4
2026-10-18,2026-10-19,Celtics,Spurs,Away,Coach Cruz,Guard,98,14,8,2,0
2026-10-19,2026-10-20,Celtics,Raptors,Home,Coach Smith,Forward,66,17,6,3,0
2026-10-20,2026-10-21,Warriors,Suns,Home,Coach Lee,Forward,93,9,13,1,1
2026-10-21,2026-10-22,Warriors,Knicks,Home,Coach Lee,Center,79,15,10,0,2
2026-10-22,2026-10-23,Lakers,Spurs,Away,Coach Tan,Guard,95,12,5,4,0
2026-10-23,2026-10-24,Heat,Nets,Away,Coach Cruz,Forward,55,15,12,2,4
2026-10-24,2026-10-25,Lakers,Nets,Away,Coach Reyes,Forward,86,8,4,0,0
2026-10-25,2026-10-26,Celtics,Knicks,Away,Coach Cruz,Center,73,5,5,4,4
2026-10-26,2026-10-27,Bulls,Suns,Home,Coach Reyes,Center,95,15,6,4,3
2026-10-27,2026-10-28,Bulls,Spurs,Away,Coach Smith,Forward,102,11,14,3,3
2026-10-28,2026-10-29,Warriors,Knicks,Home,Coach Smith,Forward,109,12,7,3,4
2026-10-29,2026-10-30,Bulls,Suns,Home,Coach Lee,Guard,112,7,4,3,2
2026-10-30,2026-10-31,Bulls,Spurs,Home,Coach Smith,Forward,81,10,3,0,0
2026-10-31,2026-11-01,Bulls,Nets,Away,Coach Lee,Forward,82,6,14,0,0
2026-11-01,2026-11-02,Celtics,Spurs,Home,Coach Cruz,Center,116,11,5,2,3
2026-11-02,2026-11-03,Bulls,Raptors,Home,Coach Smith,Forward,67,19,6,3,4
2026-11-03,2026-11-04,Bulls,Spurs,Away,Coach Cruz,Center,74,12,5,4,0
2026-11-04,2026-11-05,Bulls,Raptors,Home,Coach Cruz,Forward,103,10,12,1,0
2026-11-05,2026-11-06,Lakers,Spurs,Away,Coach Smith,Forward,107,10,14,2,2
2026-11-06,2026-11-07,Celtics,Raptors,Away,Coach Cruz,Forward,116,9,13,0,1
2026-11-07,2026-11-08,Warriors,Nets,Away,Coach Smith,Guard,95,12,4,2,3
2026-11-08,2026-11-09,Lakers,Suns,Home,Coach Smith,Center,73,5,9,2,3
2026-11-09,2026-11-10,Heat,Raptors,Away,Coach Smith,Guard,81,14,11,2,1
2026-11-10,2026-11-11,Celtics,Raptors,Away,Coach Reyes,Forward,96,8,5,2,0
2026-11-11,2026-11-12,Celtics,Nets,Away,Coach Cruz,Guard,72,19,3,1,2
2026-11-12,2026-11-13,Heat,Raptors,Away,Coach Tan,Center,115,8,3,3,2
2026-11-13,2026-11-14,Heat,Knicks,Home,Coach Smith,Forward,76,7,2,4,3
2026-11-14,2026-11-15,Heat,Nets,Away,Coach Cruz,Guard,51,7,14,2,2
2026-11-15,2026-11-16,Warriors,Knicks,Home,Coach Lee,Guard,66,8,5,2,1
2026-11-16,2026-11-17,Bulls,Nets,Away,Coach Smith,Center,82,15,11,2,0
2026-11-17,2026-11-18,Celtics,Raptors,Home,Coach Smith,Guard,58,5,10,3,1
2026-11-18,2026-11-19,Bulls,Knicks,Away,Coach Tan,Center,92,18,12,0,4
2026-11-19,2026-11-20,Bulls,Raptors,Home,Coach Reyes,Forward,97,15,8,0,3
2026-11-20,2026-11-21,Heat,Nets,Away,Coach Reyes,Forward,88,17,13,1,2
2026-11-21,2026-11-22,Warriors,Raptors,Home,Coach Smith,Guard,91,15,11,0,4
2026-11-22,2026-11-23,Lakers,Knicks,Home,Coach Cruz,Forward,75,6,8,2,2
2026-11-23,2026-11-24,Warriors,Knicks,Home,Coach Lee,Forward,99,13,14,2,0
2026-11-24,2026-11-25,Bulls,Raptors,Away,Coach Lee,Guard,74,14,8,2,0
2026-11-25,2026-11-26,Warriors,Spurs,Home,Coach Cruz,Forward,73,6,9,1,0
2026-11-26,2026-11-27,Heat,Nets,Home,Coach Smith,Guard,62,9,2,2,2
2026-11-27,2026-11-28,Lakers,Nets,Home,Coach Lee,Center,109,13,11,0,4
2026-11-28,2026-11-29,Heat,Raptors,Home,Coach Reyes,Center,56,13,14,3,0
2026-11-29,2026-11-30,Lakers,Spurs,Away,Coach Cruz,Center,106,12,11,3,4
2026-11-30,2026-12-01,Bulls,Knicks,Home,Coach Tan,Guard,85,5,9,4,2
2026-12-01,2026-12-02,Lakers,Suns,Home,Coach Smith,Guard,94,5,5,0,4
2026-12-02,2026-12-03,Lakers,Suns,Home,Coach Cruz,Forward,69,13,5,2,2
2026-12-03,2026-12-04,Lakers,Raptors,Away,Coach Lee,Forward,114,17,5,3,2
2026-12-04,2026-12-05,Warriors,Spurs,Home,Coach Smith,Forward,57,15,7,0,3
2026-12-05,2026-12-06,Warriors,Spurs,Home,Coach Reyes,Forward,65,12,8,3,2
2026-12-06,2026-12-07,Bulls,Nets,Home,Coach Smith,Forward,63,14,7,2,2
2026-12-07,2026-12-08,Lakers,Knicks,Home,Coach Smith,Guard,125,13,2,3,1
2026-12-08,2026-12-09,Celtics,Spurs,Away,Coach Reyes,Guard,64,11,13,4,0
2026-12-09,2026-12-10,Bulls,Suns,Home,Coach Reyes,Center,115,7,9,4,3
2026-12-10,2026-12-11,Lakers,Knicks,Home,Coach Smith,Center,81,7,14,3,3
2026-12-11,2026-12-12,Lakers,Knicks,Away,Coach Reyes,Center,112,6,11,0,3
2026-12-12,2026-12-13,Warriors,Raptors,Away,Coach Cruz,Center,100,9,12,0,1
2026-12-13,2026-12-14,Bulls,Spurs,Away,Coach Reyes,Guard,74,16,14,0,2
2026-12-14,2026-12-15,Lakers,Raptors,Home,Coach Reyes,Guard,107,16,8,3,0
2026-12-15,2026-12-16,Lakers,Spurs,Away,Coach Smith,Guard,112,7,7,0,4
2026-12-16,2026-12-17,Bulls,Nets,Home,Coach Cruz,Forward,111,18,7,2,2
2026-12-17,2026-12-18,Celtics,Raptors,Away,Coach Tan,Forward,71,10,6,4,1
2026-12-18,2026-12-19,Bulls,Raptors,Home,Coach Tan,Center,107,6,7,2,2
2026-12-19,2026-12-20,Bulls,Suns,Away,Coach Lee,Forward,107,16,13,0,2
2026-12-20,2026-12-21,Celtics,Raptors,Home,Coach Reyes,Guard,98,7,10,2,1
2026-12-21,2026-12-22,Bulls,Spurs,Away,Coach Reyes,Center,101,9,11,0,3
2026-12-22,2026-12-23,Lakers,Suns,Home,Coach Cruz,Center,91,16,10,3,3
2026-12-23,2026-12-24,Bulls,Raptors,Home,Coach Tan,Forward,119,15,11,2,0
2026-12-24,2026-12-25,Celtics,Raptors,Home,Coach Lee,Center,64,15,9,3,0
2026-12-25,2026-12-26,Heat,Nets,Home,Coach Cruz,Forward,103,5,11,3,3
2026-12-26,2026-12-27,Bulls,Raptors,Home,Coach Reyes,Forward,109,17,10,1,4
2026-12-27,2026-12-28,Warriors,Knicks,Home,Coach Tan,Center,57,5,14,0,2
2026-12-28,2026-12-29,Lakers,Suns,Home,Coach Lee,Forward,102,14,11,4,4
2026-12-29,2026-12-30,Lakers,Knicks,Home,Coach Smith,Forward,109,13,9,0,2
2026-12-30,2026-12-31,Warriors,Suns,Away,Coach Tan,Forward,54,11,9,4,3
2026-12-31,2027-01-01,Warriors,Nets,Home,Coach Lee,Forward,117,5,2,0,0
2027-01-01,2027-01-02,Bulls,Raptors,Home,Coach Cruz,Center,55,19,11,3,0
2027-01-02,2027-01-03,Warriors,Raptors,Away,Coach Smith,Guard,96,16,12,2,4
2027-01-03,2027-01-04,Heat,Raptors,Home,Coach Lee,Guard,104,18,6,2,0
2027-01-04,2027-01-05,Celtics,Suns,Away,Coach Lee,Forward,89,12,5,1,3
2027-01-05,2027-01-06,Warriors,Raptors,Home,Coach Reyes,Forward,101,7,3,4,4
2027-01-06,2027-01-07,Warriors,Knicks,Away,Coach Tan,Forward,65,12,9,4,2
2027-01-07,2027-01-08,Heat,Raptors,Away,Coach Reyes,Guard,62,19,4,4,0
2027-01-08,2027-01-09,Lakers,Nets,Home,Coach Smith,Forward,79,9,5,3,1
2027-01-09,2027-01-10,Lakers,Knicks,Away,Coach Lee,Center,68,5,13,4,0
2027-01-10,2027-01-11,Bulls,Raptors,Home,Coach Reyes,Center,66,11,8,2,2
2027-01-11,2027-01-12,Heat,Raptors,Home,Coach Tan,Center,112,9,11,3,4
2027-01-12,2027-01-13,Celtics,Spurs,Home,Coach Smith,Guard,68,10,10,0,2
2027-01-13,2027-01-14,Celtics,Suns,Home,Coach Cruz,Forward,107,10,3,4,1
2027-01-14,2027-01-15,Heat,Knicks,Away,Coach Reyes,Forward,104,12,4,4,3
2027-01-15,2027-01-16,Celtics,Spurs,Home,Coach Smith,Forward,111,13,5,0,0
2027-01-16,2027-01-17,Lakers,Nets,Away,Coach Cruz,Guard,72,6,11,4,4
2027-01-17,2027-01-18,Celtics,Suns,Away,Coach Reyes,Guard,58,13,2,0,3
2027-01-18,2027-01-19,Celtics,Knicks,Home,Coach Smith,Guard,61,16,8,3,2
2027-01-19,2027-01-20,Heat,Raptors,Home,Coach Smith,Guard,50,19,3,2,4
2027-01-20,2027-01-21,Heat,Knicks,Home,Coach Reyes,Center,107,15,6,0,3
2027-01-21,2027-01-22,Celtics,Raptors,Home,Coach Smith,Guard,50,14,2,1,4
2027-01-22,2027-01-23,Warriors,Suns,Away,Coach Lee,Guard,83,13,4,0,1
2027-01-23,2027-01-24,Heat,Raptors,Home,Coach Reyes,Guard,97,17,13,4,1
2027-01-24,2027-01-25,Bulls,Nets,Away,Coach Smith,Forward,50,14,3,3,0
2027-01-25,2027-01-26,Bulls,Raptors,Home,Coach Cruz,Forward,65,19,2,3,0
2027-01-26,2027-01-27,Lakers,Nets,Home,Coach Cruz,Forward,110,14,8,0,1
2027-01-27,2027-01-28,Celtics,Suns,Home,Coach Lee,Center,113,11,6,2,4
2027-01-28,2027-01-29,Warriors,Suns,Home,Coach Reyes,Center,112,5,2,1,1
2027-01-29,2027-01-30,Lakers,Knicks,Away,Coach Smith,Guard,118,11,7,3,0
2027-01-30,2027-01-31,Celtics,Nets,Away,Coach Smith,Forward,71,14,6,4,1
2027-01-31,2027-02-01,Heat,Nets,Home,Coach Cruz,Center,116,9,4,4,1
2027-02-01,2027-02-02,Bulls,Spurs,Away,Coach Lee,Forward,125,10,13,2,4
2027-02-02,2027-02-03,Warriors,Spurs,Away,Coach Cruz,Center,75,14,8,3,3
2027-02-03,2027-02-04,Bulls,Spurs,Home,Coach Cruz,Center,65,11,12,0,0
2027-02-04,2027-02-05,Heat,Raptors,Home,Coach Lee,Guard,100,18,11,4,4
2027-02-05,2027-02-06,Celtics,Spurs,Away,Coach Reyes,Guard,106,19,10,2,1
2027-02-06,2027-02-07,Heat,Nets,Away,Coach Smith,Center,78,9,14,3,1
2027-02-07,2027-02-08,Heat,Raptors,Away,Coach Reyes,Guard,127,11,14,3,3
2027-02-08,2027-02-09,Bulls,Suns,Away,Coach Tan,Center,118,13,10,3,0
2027-02-09,2027-02-10,Warriors,Knicks,Home,Coach Tan,Center,96,7,10,3,0
2027-02-10,2027-02-11,Heat,Spurs,Home,Coach Tan,Forward,111,12,3,3,2
2027-02-11,2027-02-12,Bulls,Suns,Away,Coach Lee,Guard,118,6,4,4,0
2027-02-12,2027-02-13,Warriors,Nets,Home,Coach Cruz,Guard,125,15,8,2,3
2027-02-13,2027-02-14,Celtics,Knicks,Away,Coach Reyes,Guard,65,11,6,3,2
2027-02-14,2027-02-15,Celtics,Suns,Away,Coach Smith,Forward,97,17,3,1,2
2027-02-15,2027-02-16,Lakers,Knicks,Home,Coach Tan,Forward,88,6,4,1,1
2027-02-16,2027-02-17,Bulls,Spurs,Away,Coach Reyes,Forward,82,19,11,2,1
2027-02-17,2027-02-18,Warriors,Nets,Away,Coach Tan,Guard,72,18,7,0,0
2027-02-18,2027-02-19,Heat,Knicks,Home,Coach Tan,Guard,59,8,14,0,2
2027-02-19,2027-02-20,Celtics,Suns,Home,Coach Smith,Guard,118,11,8,0,1
2027-02-20,2027-02-21,Warriors,Spurs,Away,Coach Lee,Forward,83,7,10,1,3
2027-02-21,2027-02-22,Bulls,Spurs,Away,Coach Cruz,Forward,101,6,2,0,1
2027-02-22,2027-02-23,Lakers,Suns,Home,Coach Lee,Center,59,15,12,4,1
2027-02-23,2027-02-24,Celtics,Suns,Away,Coach Reyes,Forward,68,14,8,3,2
2027-02-24,2027-02-25,Warriors,Knicks,Away,Coach Lee,Center,107,11,9,1,2
2027-02-25,2027-02-26,Warriors,Raptors,Home,Coach Reyes,Guard,50,5,13,2,4
2027-02-26,2027-02-27,Warriors,Spurs,Home,Coach Reyes,Forward,118,18,4,2,3
2027-02-27,2027-02-28,Bulls,Knicks,Home,Coach Cruz,Guard,53,19,5,3,2
2027-02-28,2027-03-01,Bulls,Suns,Home,Coach Smith,Guard,65,12,11,1,0
2027-03-01,2027-03-02,Bulls,Knicks,Home,Coach Cruz,Guard,73,7,7,0,3
2027-03-02,2027-03-03,Heat,Suns,Home,Coach Lee,Guard,129,16,11,0,3
2027-03-03,2027-03-04,Warriors,Nets,Away,Coach Reyes,Forward,51,16,8,4,2
2027-03-04,2027-03-05,Celtics,Suns,Away,Coach Tan,Guard,81,17,14,4,3
2027-03-05,2027-03-06,Bulls,Suns,Home,Coach Tan,Center,73,6,5,0,2
2027-03-06,2027-03-07,Bulls,Suns,Home,Coach Reyes,Forward,61,7,9,2,1
2027-03-07,2027-03-08,Warriors,Raptors,Away,Coach Cruz,Guard,99,9,6,2,4
2027-03-08,2027-03-09,Bulls,Suns,Away,Coach Smith,Forward,84,15,2,4,1
2027-03-09,2027-03-10,Heat,Spurs,Away,Coach Cruz,Center,82,12,5,3,2
2027-03-10,2027-03-11,Heat,Spurs,Home,Coach Reyes,Guard,82,14,4,0,2
2027-03-11,2027-03-12,Bulls,Knicks,Home,Coach Reyes,Center,110,11,10,4,1
2027-03-12,2027-03-13,Warriors,Raptors,Away,Coach Smith,Guard,100,11,9,4,0
2027-03-13,2027-03-14,Warriors,Knicks,Home,Coach Lee,Center,92,16,2,0,0
2027-03-14,2027-03-15,Warriors,Spurs,Home,Coach Lee,Guard,61,11,12,0,0
2027-03-15,2027-03-16,Lakers,Spurs,Home,Coach Smith,Forward,116,19,7,2,2
2027-03-16,2027-03-17,Bulls,Nets,Away,Coach Lee,Guard,114,12,10,3,3
2027-03-17,2027-03-18,Warriors,Suns,Away,Coach Tan,Forward,82,5,8,3,2
2027-03-18,2027-03-19,Heat,Spurs,Home,Coach Lee,Guard,89,8,5,0,3
2027-03-19,2027-03-20,Celtics,Knicks,Home,Coach Lee,Guard,123,17,14,1,1
2027-03-20,2027-03-21,Celtics,Knicks,Home,Coach Lee,Center,92,10,2,4,4
2027-03-21,2027-03-22,Warriors,Suns,Home,Coach Tan,Center,93,13,13,4,3
2027-03-22,2027-03-23,Celtics,Suns,Home,Coach Lee,Center,78,17,3,0,0
2027-03-23,2027-03-24,Celtics,Nets,Away,Coach Tan,Guard,62,6,13,1,2
2027-03-24,2027-03-25,Lakers,Raptors,Home,Coach Smith,Guard,61,5,6,2,1
2027-03-25,2027-03-26,Heat,Knicks,Home,Coach Cruz,Guard,95,17,13,0,0
2027-03-26,2027-03-27,Heat,Suns,Home,Coach Smith,Forward,51,14,12,0,1
2027-03-27,2027-03-28,Lakers,Knicks,Away,Coach Cruz,Forward,84,16,6,4,4
2027-03-28,2027-03-29,Lakers,Suns,Away,Coach Smith,Guard,57,18,9,0,2
2027-03-29,2027-03-30,Celtics,Spurs,Home,Coach Cruz,Center,75,6,7,0,2
2027-03-30,2027-03-31,Bulls,Knicks,Away,Coach Cruz,Center,123,11,9,0,4
2027-03-31,2027-04-01,Celtics,Spurs,Away,Coach Reyes,Center,83,7,3,4,2
2027-04-01,2027-04-02,Lakers,Knicks,Away,Coach Cruz,Guard,56,14,4,2,3
2027-04-02,2027-04-03,Heat,Raptors,Away,Coach Cruz,Center,117,6,7,2,1
2027-04-03,2027-04-04,Celtics,Nets,Away,Coach Reyes,Guard,107,18,13,0,0
2027-04-04,2027-04-05,Bulls,Spurs,Away,Coach Lee,Forward,124,15,14,4,4
2027-04-05,2027-04-06,Celtics,Suns,Home,Coach Lee,Center,78,11,11,2,3
2027-04-06,2027-04-07,Warriors,Raptors,Away,Coach Reyes,Forward,85,17,4,2,0
2027-04-07,2027-04-08,Celtics,Knicks,Away,Coach Tan,Center,70,17,7,2,0
2027-04-08,2027-04-09,Lakers,Spurs,Home,Coach Cruz,Guard,85,6,7,4,4
2027-04-09,2027-04-10,Heat,Knicks,Home,Coach Cruz,Guard,59,7,3,4,3
2027-04-10,2027-04-11,Heat,Knicks,Home,Coach Reyes,Guard,122,15,8,0,0
2027-04-11,2027-04-12,Lakers,Knicks,Home,Coach Reyes,Guard,73,11,13,3,0
2027-04-12,2027-04-13,Warriors,Nets,Away,Coach Tan,Center,113,18,3,2,3
2027-04-13,2027-04-14,Lakers,Nets,Away,Coach Lee,Forward,98,8,7,3,2
2027-04-14,2027-04-15,Celtics,Suns,Away,Coach Smith,Guard,85,17,2,4,0
2027-04-15,2027-04-16,Lakers,Spurs,Away,Coach Lee,Center,73,18,4,4,1
2027-04-16,2027-04-17,Lakers,Raptors,Home,Coach Cruz,Forward,72,5,3,4,3
2027-04-17,2027-04-18,Warriors,Raptors,Away,Coach Reyes,Guard,111,17,8,3,0
2027-04-18,2027-04-19,Celtics,Raptors,Away,Coach Tan,Forward,86,18,5,4,4
2027-04-19,2027-04-20,Bulls,Knicks,Home,Coach Lee,Guard,61,9,9,0,1
2027-04-20,2027-04-21,Bulls,Nets,Away,Coach Tan,Forward,104,16,7,4,0
2027-04-21,2027-04-22,Heat,Spurs,Away,Coach Lee,Forward,62,13,13,1,1
2027-04-22,2027-04-23,Lakers,Knicks,Away,Coach Cruz,Guard,72,12,11,3,1
2027-04-23,2027-04-24,Heat,Nets,Away,Coach Smith,Center,79,16,5,1,2
2027-04-24,2027-04-25,Warriors,Nets,Home,Coach Tan,Forward,66,19,6,4,1
2027-04-25,2027-04-26,Bulls,Spurs,Home,Coach Tan,Guard,111,13,14,0,2
2027-04-26,2027-04-27,Lakers,Spurs,Home,Coach Smith,Forward,62,14,14,2,3
2027-04-27,2027-04-28,Warriors,Spurs,Home,Coach Tan,Forward,108,18,10,4,2
2027-04-28,2027-04-29,Warriors,Knicks,Home,Coach Tan,Center,68,13,8,0,4
2027-04-29,2027-04-30,Lakers,Suns,Away,Coach Lee,Forward,98,19,11,3,0
2027-04-30,2027-05-01,Warriors,Spurs,Away,Coach Lee,Forward,61,11,10,1,3
2027-05-01,2027-05-02,Lakers,Suns,Home,Coach Smith,Guard,110,8,8,1,3
2027-05-02,2027-05-03,Lakers,Knicks,Home,Coach Cruz,Guard,68,9,13,1,4
2027-05-03,2027-05-04,Celtics,Suns,Home,Coach Tan,Center,125,5,2,3,2
2027-05-04,2027-05-05,Heat,Raptors,Away,Coach Cruz,Forward,58,18,13,0,0
2027-05-05,2027-05-06,Warriors,Suns,Home,Coach Smith,Forward,120,5,9,3,2
2027-05-06,2027-05-07,Warriors,Spurs,Away,Coach Smith,Forward,77,7,5,1,1
2027-05-07,2027-05-08,Celtics,Knicks,Away,Coach Lee,Center,127,17,4,4,2
2027-05-08,2027-05-09,Celtics,Spurs,Away,Coach Tan,Forward,101,18,14,2,3
2027-05-09,2027-05-10,Celtics,Raptors,Away,Coach Reyes,Guard,65,12,8,3,0
2027-05-10,2027-05-11,Bulls,Spurs,Home,Coach Smith,Center,118,18,13,3,2
2027-05-11,2027-05-12,Bulls,Spurs,Away,Coach Tan,Guard,61,6,4,0,0
2027-05-12,2027-05-13,Bulls,Spurs,Away,Coach Cruz,Guard,74,8,9,0,0
2027-05-13,2027-05-14,Lakers,Nets,Home,Coach Lee,Center,101,6,7,3,1
2027-05-14,2027-05-15,Warriors,Raptors,Away,Coach Cruz,Guard,102,18,6,1,1
2027-05-15,2027-05-16,Heat,Spurs,Away,Coach Smith,Forward,72,9,5,2,3
2027-05-16,2027-05-17,Lakers,Spurs,Away,Coach Smith,Center,65,13,9,0,4
2027-05-17,2027-05-18,Warriors,Spurs,Home,Coach Cruz,Guard,106,5,9,1,0
2027-05-18,2027-05-19,Warriors,Knicks,Away,Coach Smith,Forward,88,9,13,4,4
2027-05-19,2027-05-20,Celtics,Nets,Away,Coach Tan,Forward,102,18,2,0,3
2027-05-20,2027-05-21,Celtics,Knicks,Home,Coach Smith,Guard,91,19,10,1,0
2027-05-21,2027-05-22,Lakers,Nets,Home,Coach Lee,Forward,107,13,6,1,0
2027-05-22,2027-05-23,Celtics,Spurs,Away,Coach Tan,Center,88,19,5,2,4
2027-05-23,2027-05-24,Warriors,Raptors,Away,Coach Reyes,Guard,63,5,7,2,2
2027-05-24,2027-05-25,Celtics,Suns,Home,Coach Smith,Forward,54,13,7,4,1
2027-05-25,2027-05-26,Bulls,Suns,Away,Coach Smith,Forward,84,12,3,1,2
2027-05-26,2027-05-27,Celtics,Spurs,Home,Coach Lee,Guard,124,8,9,1,4
2027-05-27,2027-05-28,Warriors,Knicks,Away,Coach Lee,Guard,67,16,8,2,1
2027-05-28,2027-05-29,Lakers,Raptors,Home,Coach Cruz,Guard,125,15,2,0,2
2027-05-29,2027-05-30,Heat,Nets,Away,Coach Cruz,Guard,58,14,6,0,1
2027-05-30,2027-05-31,Celtics,Spurs,Home,Coach Cruz,Center,123,9,13,3,0
2027-05-31,2027-06-01,Warriors,Raptors,Home,Coach Lee,Guard,107,17,7,2,2
2027-06-01,2027-06-02,Heat,Raptors,Home,Coach Cruz,Center,66,9,5,3,1
2027-06-02,2027-06-03,Heat,Nets,Home,Coach Cruz,Center,56,15,3,2,1
2027-06-03,2027-06-04,Bulls,Raptors,Home,Coach Reyes,Guard,95,16,14,4,1
2027-06-04,2027-06-05,Heat,Knicks,Away,Coach Cruz,Center,62,10,5,1,2
2027-06-05,2027-06-06,Warriors,Knicks,Away,Coach Smith,Guard,89,11,2,4,3
2027-06-06,2027-06-07,Warriors,Knicks,Home,Coach Lee,Guard,91,12,8,2,2
2027-06-07,2027-06-08,Celtics,Raptors,Away,Coach Tan,Forward,58,19,3,1,4
2027-06-08,2027-06-09,Celtics,Knicks,Away,Coach Reyes,Guard,99,18,14,0,2
2027-06-09,2027-06-10,Celtics,Nets,Away,Coach Lee,Forward,76,12,3,0,1
2027-06-10,2027-06-11,Heat,Raptors,Away,Coach Lee,Center,115,15,10,3,0
2027-06-11,2027-06-12,Heat,Suns,Away,Coach Smith,Forward,54,18,6,2,2
2027-06-12,2027-06-13,Bulls,Raptors,Away,Coach Cruz,Center,78,17,3,2,2
2027-06-13,2027-06-14,Celtics,Nets,Home,Coach Smith,Guard,86,6,12,0,1
2027-06-14,2027-06-15,Lakers,Suns,Away,Coach Cruz,Center,87,13,10,4,0
2027-06-15,2027-06-16,Bulls,Raptors,Away,Coach Cruz,Center,57,11,10,1,0
2027-06-16,2027-06-17,Lakers,Knicks,Away,Coach Lee,Guard,114,8,2,4,4
2027-06-17,2027-06-18,Heat,Spurs,Home,Coach Cruz,Center,66,8,12,4,2
2027-06-18,2027-06-19,Bulls,Spurs,Away,Coach Reyes,Guard,120,15,4,0,0
2027-06-19,2027-06-20,Bulls,Knicks,Away,Coach Reyes,Forward,94,12,5,0,0
2027-06-20,2027-06-21,Warriors,Spurs,Away,Coach Reyes,Guard,53,8,8,0,3
2027-06-21,2027-06-22,Heat,Spurs,Home,Coach Lee,Guard,85,17,11,3,3
2027-06-22,2027-06-23,Heat,Knicks,Away,Coach Smith,Center,119,19,5,4,0
2027-06-23,2027-06-24,Bulls,Knicks,Home,Coach Tan,Forward,80,10,3,2,4
2027-06-24,2027-06-25,Heat,Raptors,Away,Coach Cruz,Guard,68,9,8,1,0
2027-06-25,2027-06-26,Bulls,Raptors,Home,Coach Tan,Forward,110,7,7,3,1
2027-06-26,2027-06-27,Warriors,Knicks,Home,Coach Smith,Forward,103,17,4,2,2
2027-06-27,2027-06-28,Bulls,Nets,Home,Coach Smith,Center,88,18,7,4,4
2027-06-28,2027-06-29,Heat,Spurs,Away,Coach Lee,Guard,123,14,12,0,1
2027-06-29,2027-06-30,Heat,Raptors,Home,Coach Reyes,Center,68,15,7,4,4
2027-06-30,2027-07-01,Bulls,Spurs,Home,Coach Reyes,Guard,88,6,13,1,1
2027-07-01,2027-07-02,Bulls,Suns,Home,Coach Smith,Forward,116,13,6,3,2
2027-07-02,2027-07-03,Bulls,Knicks,Home,Coach Lee,Guard,94,14,5,3,2
2027-07-03,2027-07-04,Celtics,Nets,Away,Coach Lee,Guard,62,13,11,1,3
2027-07-04,2027-07-05,Heat,Suns,Away,Coach Cruz,Forward,107,5,13,2,1
2027-07-05,2027-07-06,Heat,Suns,Away,Coach Reyes,Forward,69,14,2,2,3
2027-07-06,2027-07-07,Celtics,Suns,Away,Coach Smith,Guard,121,7,11,3,1
2027-07-07,2027-07-08,Bulls,Knicks,Home,Coach Tan,Center,110,12,7,3,3
2027-07-08,2027-07-09,Warriors,Raptors,Away,Coach Reyes,Guard,88,10,3,0,2
2027-07-09,2027-07-10,Bulls,Knicks,Home,Coach Cruz,Forward,50,9,14,2,4
2027-07-10,2027-07-11,Bulls,Raptors,Away,Coach Lee,Center,52,9,4,1,3
2027-07-11,2027-07-12,Celtics,Suns,Away,Coach Smith,Forward,126,10,9,2,1
2027-07-12,2027-07-13,Heat,Suns,Away,Coach Reyes,Forward,111,19,11,0,1
2027-07-13,2027-07-14,Bulls,Nets,Home,Coach Tan,Center,112,11,7,3,2
2027-07-14,2027-07-15,Heat,Raptors,Away,Coach Cruz,Forward,74,5,4,3,1
2027-07-15,2027-07-16,Lakers,Suns,Away,Coach Cruz,Forward,105,13,8,0,0
2027-07-16,2027-07-17,Heat,Spurs,Away,Coach Reyes,Forward,82,7,5,1,4
2027-07-17,2027-07-18,Warriors,Nets,Home,Coach Tan,Forward,87,8,10,3,3
2027-07-18,2027-07-19,Warriors,Knicks,Away,Coach Cruz,Forward,55,14,6,4,4
2027-07-19,2027-07-20,Bulls,Nets,Away,Coach Smith,Forward,107,5,4,3,2
2027-07-20,2027-07-21,Heat,Spurs,Home,Coach Cruz,Forward,93,17,3,4,3
2027-07-21,2027-07-22,Bulls,Raptors,Home,Coach Tan,Forward,94,15,12,0,3
2027-07-22,2027-07-23,Celtics,Knicks,Away,Coach Lee,Forward,81,14,3,0,0
2027-07-23,2027-07-24,Warriors,Knicks,Away,Coach Lee,Guard,94,7,4,3,2
2027-07-24,2027-07-25,Bulls,Raptors,Away,Coach Reyes,Guard,110,6,3,2,1
2027-07-25,2027-07-26,Celtics,Nets,Home,Coach Tan,Forward,96,6,5,4,0
2027-07-26,2027-07-27,Bulls,Suns,Home,Coach Cruz,Guard,70,18,3,1,0
2027-07-27,2027-07-28,Heat,Nets,Home,Coach Cruz,Center,129,5,11,3,4
2027-07-28,2027-07-29,Heat,Spurs,Away,Coach Lee,Guard,124,12,10,1,4
2027-07-29,2027-07-30,Heat,Suns,Home,Coach Lee,Forward,85,7,3,3,4
2027-07-30,2027-07-31,Heat,Nets,Away,Coach Smith,Forward,68,7,10,2,0
2027-07-31,2027-08-01,Lakers,Raptors,Home,Coach Lee,Guard,69,10,14,2,1
2027-08-01,2027-08-02,Celtics,Spurs,Home,Coach Smith,Forward,106,17,7,2,3
2027-08-02,2027-08-03,Celtics,Spurs,Home,Coach Cruz,Center,67,12,2,2,4
2027-08-03,2027-08-04,Heat,Spurs,Away,Coach Smith,Center,96,17,5,0,1
2027-08-04,2027-08-05,Lakers,Suns,Away,Coach Smith,Forward,98,19,2,0,2
2027-08-05,2027-08-06,Heat,Knicks,Away,Coach Reyes,Center,63,13,7,4,4
2027-08-06,2027-08-07,Lakers,Suns,Away,Coach Lee,Center,64,13,14,1,3
2027-08-07,2027-08-08,Heat,Nets,Home,Coach Smith,Guard,80,8,5,3,2
2027-08-08,2027-08-09,Warriors,Knicks,Away,Coach Cruz,Center,50,18,4,3,2
2027-08-09,2027-08-10,Warriors,Nets,Home,Coach Tan,Guard,103,9,4,0,3
2027-08-10,2027-08-11,Bulls,Knicks,Away,Coach Smith,Forward,52,6,10,3,4
2027-08-11,2027-08-12,Heat,Suns,Away,Coach Lee,Guard,65,15,7,0,0
2027-08-12,2027-08-13,Celtics,Spurs,Home,Coach Reyes,Forward,106,13,10,4,3
2027-08-13,2027-08-14,Bulls,Raptors,Home,Coach Cruz,Forward,124,12,14,1,3
2027-08-14,2027-08-15,Warriors,Spurs,Away,Coach Reyes,Forward,61,7,6,4,3
2027-08-15,2027-08-16,Heat,Suns,Away,Coach Tan,Forward,123,15,3,2,2
2027-08-16,2027-08-17,Bulls,Knicks,Home,Coach Smith,Forward,65,16,9,2,1
2027-08-17,2027-08-18,Heat,Spurs,Home,Coach Smith,Guard,121,17,6,2,0
2027-08-18,2027-08-19,Warriors,Suns,Home,Coach Lee,Forward,125,13,3,4,4
2027-08-19,2027-08-20,Bulls,Nets,Home,Coach Smith,Center,73,7,5,3,4
2027-08-20,2027-08-21,Warriors,Raptors,Home,Coach Cruz,Center,77,13,10,1,1
2027-08-21,2027-08-22,Lakers,Spurs,Away,Coach Tan,Forward,57,6,5,2,3
2027-08-22,2027-08-23,Warriors,Knicks,Away,Coach Reyes,Center,85,16,14,2,0
2027-08-23,2027-08-24,Heat,Nets,Away,Coach Tan,Guard,57,14,13,2,4
2027-08-24,2027-08-25,Celtics,Suns,Away,Coach Smith,Guard,107,13,13,1,4
2027-08-25,2027-08-26,Warriors,Raptors,Home,Coach Reyes,Forward,109,19,13,2,3
2027-08-26,2027-08-27,Celtics,Knicks,Home,Coach Lee,Forward,99,12,14,1,1
2027-08-27,2027-08-28,Lakers,Suns,Home,Coach Tan,Forward,77,13,5,2,0
2027-08-28,2027-08-29,Bulls,Suns,Away,Coach Reyes,Center,90,9,3,4,1
2027-08-29,2027-08-30,Bulls,Spurs,Home,Coach Reyes,Center,113,15,14,4,1
2027-08-30,2027-08-31,Celtics,Spurs,Home,Coach Reyes,Guard,76,15,13,1,0
2027-08-31,2027-09-01,Bulls,Knicks,Away,Coach Cruz,Center,112,6,7,4,0
2027-09-01,2027-09-02,Warriors,Suns,Away,Coach Tan,Guard,66,12,14,1,4
2027-09-02,2027-09-03,Celtics,Spurs,Away,Coach Reyes,Center,122,16,12,4,4
2027-09-03,2027-09-04,Heat,Raptors,Home,Coach Tan,Guard,82,19,3,4,0
2027-09-04,2027-09-05,Warriors,Raptors,Home,Coach Reyes,Forward,126,10,13,1,2
2027-09-05,2027-09-06,Warriors,Suns,Away,Coach Lee,Center,78,12,8,3,4
2027-09-06,2027-09-07,Warriors,Spurs,Away,Coach Lee,Guard,62,15,4,4,2
2027-09-07,2027-09-08,Heat,Knicks,Home,Coach Lee,Center,95,9,4,2,0
2027-09-08,2027-09-09,Lakers,Knicks,Away,Coach Smith,Forward,84,14,6,3,4
2027-09-09,2027-09-10,Bulls,Knicks,Home,Coach Reyes,Guard,55,6,4,1,1
2027-09-10,2027-09-11,Celtics,Raptors,Away,Coach Smith,Center,118,10,3,3,0
2027-09-11,2027-09-12,Lakers,Spurs,Away,Coach Tan,Center,96,9,11,0,3
2027-09-12,2027-09-13,Celtics,Spurs,Away,Coach Smith,Forward,74,16,10,0,2
2027-09-13,2027-09-14,Bulls,Raptors,Home,Coach Tan,Forward,115,17,3,4,0
2027-09-14,2027-09-15,Heat,Knicks,Home,Coach Tan,Guard,59,16,12,4,0
2027-09-15,2027-09-16,Warriors,Knicks,Away,Coach Tan,Center,105,9,3,2,4
2027-09-16,2027-09-17,Warriors,Suns,Home,Coach Smith,Center,79,17,14,3,4
2027-09-17,2027-09-18,Heat,Nets,Away,Coach Reyes,Forward,54,5,9,0,4
2027-09-18,2027-09-19,Lakers,Spurs,Away,Coach Smith,Forward,82,6,10,4,3
2027-09-19,2027-09-20,Lakers,Spurs,Home,Coach Reyes,Guard,114,12,8,3,4
2027-09-20,2027-09-21,Celtics,Spurs,Home,Coach Reyes,Center,67,17,4,4,0
2027-09-21,2027-09-22,Heat,Nets,Home,Coach Tan,Center,98,18,10,4,4
2027-09-22,2027-09-23,Lakers,Suns,Home,Coach Smith,Guard,60,17,4,0,1
2027-09-23,2027-09-24,Heat,Nets,Away,Coach Reyes,Guard,75,7,6,0,4
2027-09-24,2027-09-25,Bulls,Knicks,Home,Coach Lee,Forward,112,14,10,4,3
2027-09-25,2027-09-26,Warriors,Knicks,Home,Coach Reyes,Forward,108,7,13,1,1
2027-09-26,2027-09-27,Warriors,Spurs,Away,Coach Lee,Guard,76,12,4,4,0
2027-09-27,2027-09-28,Warriors,Raptors,Away,Coach Smith,Guard,98,12,8,4,0
2027-09-28,2027-09-29,Heat,Spurs,Away,Coach Smith,Center,126,6,13,2,2
2027-09-29,2027-09-30,Heat,Raptors,Away,Coach Smith,Guard,82,12,2,2,1
2027-09-30,2027-10-01,Celtics,Nets,Home,Coach Reyes,Guard,50,15,5,2,2
2027-10-01,2027-10-02,Warriors,Knicks,Home,Coach Cruz,Center,70,17,5,1,1
2027-10-02,2027-10-03,Celtics,Raptors,Away,Coach Reyes,Guard,104,17,8,1,1
2027-10-03,2027-10-04,Warriors,Nets,Away,Coach Reyes,Forward,55,5,9,4,3
2027-10-04,2027-10-05,Celtics,Knicks,Home,Coach Tan,Forward,118,10,2,2,2
2027-10-05,2027-10-06,Celtics,Raptors,Home,Coach Tan,Center,54,12,6,1,3
2027-10-06,2027-10-07,Bulls,Spurs,Home,Coach Reyes,Guard,52,7,8,0,1
2027-10-07,2027-10-08,Celtics,Spurs,Home,Coach Lee,Forward,102,12,13,4,0
2027-10-08,2027-10-09,Heat,Spurs,Home,Coach Tan,Forward,72,16,5,3,1
2027-10-09,2027-10-10,Celtics,Nets,Away,Coach Reyes,Forward,102,5,14,4,3
2027-10-10,2027-10-11,Warriors,Spurs,Away,Coach Cruz,Forward,86,15,5,3,2
2027-10-11,2027-10-12,Celtics,Suns,Away,Coach Lee,Guard,123,15,5,2,2
2027-10-12,2027-10-13,Lakers,Knicks,Away,Coach Smith,Guard,123,13,13,3,3
2027-10-13,2027-10-14,Warriors,Nets,Home,Coach Reyes,Guard,66,17,7,2,2
2027-10-14,2027-10-15,Lakers,Spurs,Away,Coach Reyes,Guard,127,15,8,0,4
2027-10-15,2027-10-16,Warriors,Knicks,Home,Coach Lee,Forward,122,17,3,3,0
2027-10-16,2027-10-17,Heat,Raptors,Home,Coach Tan,Center,50,13,6,4,0
2027-10-17,2027-10-18,Heat,Spurs,Home,Coach Tan,Center,100,9,5,2,0
2027-10-18,2027-10-19,Heat,Knicks,Home,Coach Tan,Forward,94,14,14,4,2
2027-10-19,2027-10-20,Lakers,Suns,Home,Coach Smith,Forward,126,8,4,1,2
2027-10-20,2027-10-21,Bulls,Raptors,Home,Coach Lee,Center,53,19,8,2,1
2027-10-21,2027-10-22,Warriors,Suns,Home,Coach Lee,Center,111,15,12,3,1
2027-10-22,2027-10-23,Heat,Knicks,Away,Coach Tan,Forward,114,10,13,2,0
2027-10-23,2027-10-24,Warriors,Suns,Home,Coach Tan,Forward,81,16,7,4,4
2027-10-24,2027-10-25,Lakers,Knicks,Away,Coach Cruz,Guard,83,11,8,0,1
2027-10-25,2027-10-26,Bulls,Knicks,Away,Coach Cruz,Guard,121,9,6,2,1
2027-10-26,2027-10-27,Lakers,Suns,Home,Coach Reyes,Center,88,15,14,3,2
2027-10-27,2027-10-28,Warriors,Knicks,Home,Coach Reyes,Forward,75,17,7,1,4
2027-10-28,2027-10-29,Bulls,Spurs,Away,Coach Lee,Center,83,14,6,0,0
2027-10-29,2027-10-30,Bulls,Knicks,Away,Coach Lee,Guard,103,13,8,1,1
2027-10-30,2027-10-31,Lakers,Nets,Away,Coach Smith,Guard,52,7,3,2,4
2027-10-31,2027-11-01,Heat,Knicks,Away,Coach Smith,Center,99,19,12,4,4
2027-11-01,2027-11-02,Warriors,Nets,Home,Coach Cruz,Guard,61,11,6,4,0
2027-11-02,2027-11-03,Celtics,Knicks,Home,Coach Reyes,Forward,114,14,7,3,4
2027-11-03,2027-11-04,Celtics,Knicks,Home,Coach Cruz,Center,103,14,7,4,4
2027-11-04,2027-11-05,Lakers,Suns,Away,Coach Cruz,Forward,54,15,6,0,4
2027-11-05,2027-11-06,Warriors,Spurs,Home,Coach Reyes,Forward,106,9,11,4,1
2027-11-06,2027-11-07,Warriors,Spurs,Away,Coach Smith,Guard,66,18,8,3,0
2027-11-07,2027-11-08,Lakers,Raptors,Home,Coach Reyes,Forward,96,11,11,2,4
2027-11-08,2027-11-09,Warriors,Suns,Away,Coach Tan,Center,72,19,9,2,4
2027-11-09,2027-11-10,Heat,Suns,Home,Coach Tan,Forward,128,6,8,4,1
2027-11-10,2027-11-11,Lakers,Spurs,Home,Coach Tan,Forward,63,8,6,1,0
2027-11-11,2027-11-12,Heat,Suns,Away,Coach Lee,Forward,115,6,2,2,2
2027-11-12,2027-11-13,Warriors,Spurs,Away,Coach Smith,Forward,124,18,14,4,1
2027-11-13,2027-11-14,Lakers,Suns,Away,Coach Smith,Forward,100,17,6,3,0
2027-11-14,2027-11-15,Warriors,Knicks,Away,Coach Lee,Guard,87,17,11,4,4
2027-11-15,2027-11-16,Lakers,Spurs,Away,Coach Cruz,Center,113,16,3,2,0
2027-11-16,2027-11-17,Warriors,Spurs,Home,Coach Tan,Guard,87,11,14,3,0
2027-11-17,2027-11-18,Heat,Nets,Away,Coach Tan,Center,99,6,6,4,0
2027-11-18,2027-11-19,Heat,Suns,Home,Coach Cruz,Center,79,17,6,0,2
2027-11-19,2027-11-20,Warriors,Suns,Home,Coach Reyes,Center,128,18,3,3,0
2027-11-20,2027-11-21,Lakers,Spurs,Home,Coach Reyes,Center,100,15,6,0,2
2027-11-21,2027-11-22,Celtics,Knicks,Home,Coach Smith,Center,112,5,14,1,4
2027-11-22,2027-11-23,Heat,Knicks,Home,Coach Lee,Forward,101,13,5,3,2
2027-11-23,2027-11-24,Heat,Knicks,Away,Coach Smith,Guard,87,5,2,0,4
2027-11-24,2027-11-25,Celtics,Suns,Away,Coach Reyes,Guard,128,12,4,2,4
2027-11-25,2027-11-26,Warriors,Nets,Home,Coach Cruz,Forward,79,19,2,2,2
2027-11-26,2027-11-27,Lakers,Spurs,Home,Coach Smith,Center,100,6,13,1,1
2027-11-27,2027-11-28,Warriors,Raptors,Away,Coach Tan,Guard,54,16,12,3,3
2027-11-28,2027-11-29,Bulls,Nets,Away,Coach Tan,Forward,78,12,6,3,0
2027-11-29,2027-11-30,Heat,Raptors,Home,Coach Cruz,Forward,53,17,5,3,3
2027-11-30,2027-12-01,Bulls,Nets,Away,Coach Reyes,Guard,59,7,8,1,0
2027-12-01,2027-12-02,Heat,Knicks,Away,Coach Tan,Guard,105,10,6,3,0
2027-12-02,2027-12-03,Heat,Suns,Away,Coach Tan,Center,66,7,11,2,4
2027-12-03,2027-12-04,Bulls,Raptors,Home,Coach Lee,Center,123,18,5,0,0
2027-12-04,2027-12-05,Bulls,Nets,Away,Coach Smith,Guard,66,11,3,2,0
2027-12-05,2027-12-06,Warriors,Suns,Home,Coach Reyes,Center,118,14,5,2,2
2027-12-06,2027-12-07,Bulls,Raptors,Home,Coach Smith,Forward,83,13,13,0,3
2027-12-07,2027-12-08,Warriors,Spurs,Home,Coach Reyes,Center,55,6,3,2,2
2027-12-08,2027-12-09,Warriors,Nets,Home,Coach Tan,Center,102,19,9,1,0
2027-12-09,2027-12-10,Warriors,Spurs,Home,Coach Lee,Forward,115,16,4,0,4
2027-12-10,2027-12-11,Heat,Knicks,Away,Coach Smith,Center,126,16,10,2,2
2027-12-11,2027-12-12,Heat,Spurs,Home,Coach Tan,Forward,92,19,14,4,2
2027-12-12,2027-12-13,Bulls,Spurs,Home,Coach Reyes,Center,124,18,5,2,1
2027-12-13,2027-12-14,Heat,Nets,Home,Coach Smith,Guard,72,9,14,1,0
2027-12-14,2027-12-15,Bulls,Knicks,Away,Coach Smith,Center,104,17,7,3,4
2027-12-15,2027-12-16,Heat,Spurs,Away,Coach Tan,Guard,129,10,11,2,2
2027-12-16,2027-12-17,Lakers,Suns,Away,Coach Smith,Guard,124,8,6,3,2
2027-12-17,2027-12-18,Lakers,Raptors,Away,Coach Lee,Guard,65,8,11,4,4
2027-12-18,2027-12-19,Bulls,Spurs,Away,Coach Lee,Guard,57,8,14,2,0
2027-12-19,2027-12-20,Heat,Knicks,Away,Coach Tan,Guard,53,6,2,0,1
2027-12-20,2027-12-21,Heat,Spurs,Away,Coach Reyes,Forward,53,8,10,3,2
2027-12-21,2027-12-22,Warriors,Raptors,Home,Coach Tan,Forward,105,15,2,4,1
2027-12-22,2027-12-23,Celtics,Knicks,Home,Coach Lee,Forward,74,5,9,0,3
2027-12-23,2027-12-24,Bulls,Nets,Away,Coach Cruz,Guard,116,16,10,0,0
2027-12-24,2027-12-25,Celtics,Knicks,Home,Coach Cruz,Center,116,10,10,0,3
2027-12-25,2027-12-26,Celtics,Nets,Home,Coach Smith,Forward,76,5,2,0,3
2027-12-26,2027-12-27,Bulls,Knicks,Away,Coach Smith,Center,81,14,3,2,3
2027-12-27,2027-12-28,Heat,Raptors,Home,Coach Cruz,Center,99,10,13,2,0
2027-12-28,2027-12-29,Bulls,Raptors,Home,Coach Lee,Guard,110,5,14,2,0
2027-12-29,2027-12-30,Celtics,Knicks,Away,Coach Smith,Guard,100,10,2,4,4
2027-12-30,2027-12-31,Heat,Spurs,Home,Coach Tan,Guard,68,14,11,4,1
2027-12-31,2028-01-01,Lakers,Raptors,Away,Coach Tan,Forward,70,12,3,4,1
2028-01-01,2028-01-02,Bulls,Nets,Away,Coach Lee,Guard,54,15,11,1,4
2028-01-02,2028-01-03,Bulls,Nets,Home,Coach Smith,Forward,91,6,13,4,4
2028-01-03,2028-01-04,Heat,Suns,Home,Coach Tan,Forward,110,6,9,2,3
2028-01-04,2028-01-05,Lakers,Nets,Home,Coach Smith,Forward,71,18,6,2,4
2028-01-05,2028-01-06,Lakers,Suns,Away,Coach Smith,Forward,70,19,13,1,2
2028-01-06,2028-01-07,Heat,Knicks,Away,Coach Tan,Guard,119,17,12,1,1
2028-01-07,2028-01-08,Warriors,Knicks,Away,Coach Cruz,Forward,50,16,8,4,4
2028-01-08,2028-01-09,Bulls,Knicks,Home,Coach Tan,Guard,54,8,3,3,2
2028-01-09,2028-01-10,Bulls,Spurs,Home,Coach Lee,Guard,61,15,9,1,2
2028-01-10,2028-01-11,Celtics,Spurs,Away,Coach Reyes,Forward,95,7,12,0,2
2028-01-11,2028-01-12,Heat,Suns,Home,Coach Tan,Guard,83,8,7,2,2
2028-01-12,2028-01-13,Celtics,Nets,Home,Coach Smith,Center,98,17,9,0,3
2028-01-13,2028-01-14,Celtics,Nets,Away,Coach Smith,Guard,127,16,2,2,2
2028-01-14,2028-01-15,Lakers,Knicks,Away,Coach Tan,Guard,94,11,2,2,3
2028-01-15,2028-01-16,Bulls,Raptors,Home,Coach Reyes,Forward,76,17,13,1,3
2028-01-16,2028-01-17,Celtics,Spurs,Away,Coach Tan,Forward,122,15,8,1,2
2028-01-17,2028-01-18,Lakers,Spurs,Home,Coach Reyes,Guard,75,5,9,0,1
2028-01-18,2028-01-19,Heat,Knicks,Away,Coach Reyes,Forward,96,10,14,2,2
2028-01-19,2028-01-20,Celtics,Spurs,Away,Coach Lee,Center,105,19,4,0,2
2028-01-20,2028-01-21,Bulls,Knicks,Away,Coach Smith,Center,112,19,6,3,2
2028-01-21,2028-01-22,Celtics,Suns,Home,Coach Smith,Forward,97,7,13,0,1
2028-01-22,2028-01-23,Heat,Nets,Home,Coach Reyes,Guard,110,15,2,4,0
2028-01-23,2028-01-24,Celtics,Raptors,Away,Coach Smith,Center,75,14,8,0,0
2028-01-24,2028-01-25,Bulls,Nets,Away,Coach Cruz,Center,85,11,6,4,3
2028-01-25,2028-01-26,Lakers,Nets,Away,Coach Reyes,Guard,50,14,9,4,3
2028-01-26,2028-01-27,Bulls,Suns,Home,Coach Smith,Forward,57,6,14,4,1
2028-01-27,2028-01-28,Lakers,Spurs,Away,Coach Cruz,Center,101,18,9,3,4
2028-01-28,2028-01-29,Warriors,Raptors,Away,Coach Lee,Guard,128,6,10,0,0
2028-01-29,2028-01-30,Bulls,Spurs,Away,Coach Smith,Guard,96,17,8,0,3
2028-01-30,2028-01-31,Bulls,Nets,Away,Coach Cruz,Center,105,8,12,3,0
2028-01-31,2028-02-01,Heat,Knicks,Home,Coach Tan,Forward,63,5,2,2,1
2028-02-01,2028-02-02,Celtics,Nets,Home,Coach Tan,Center,77,7,14,1,1
2028-02-02,2028-02-03,Lakers,Spurs,Away,Coach Cruz,Guard,127,17,4,0,4
2028-02-03,2028-02-04,Lakers,Nets,Home,Coach Reyes,Center,51,13,9,1,4
2028-02-04,2028-02-05,Heat,Knicks,Home,Coach Reyes,Forward,75,11,4,3,1
2028-02-05,2028-02-06,Heat,Suns,Home,Coach Smith,Guard,63,19,9,2,3
2028-02-06,2028-02-07,Celtics,Spurs,Away,Coach Tan,Forward,108,11,2,2,0
2028-02-07,2028-02-08,Celtics,Nets,Home,Coach Reyes,Center,105,17,6,2,2
2028-02-08,2028-02-09,Bulls,Spurs,Home,Coach Reyes,Center,56,17,5,3,4
2028-02-09,2028-02-10,Warriors,Suns,Home,Coach Tan,Forward,52,15,6,4,2
2028-02-10,2028-02-11,Celtics,Nets,Away,Coach Lee,Center,72,8,9,4,3
2028-02-11,2028-02-12,Heat,Nets,Away,Coach Reyes,Forward,67,6,11,1,4
2028-02-12,2028-02-13,Celtics,Spurs,Home,Coach Cruz,Center,87,19,5,4,2
2028-02-13,2028-02-14,Lakers,Spurs,Home,Coach Smith,Forward,64,18,12,4,3
2028-02-14,2028-02-15,Warriors,Knicks,Away,Coach Reyes,Forward,113,8,5,2,0
2028-02-15,2028-02-16,Bulls,Suns,Away,Coach Reyes,Guard,77,10,4,2,3
2028-02-16,2028-02-17,Lakers,Knicks,Home,Coach Lee,Guard,123,15,8,1,4
2028-02-17,2028-02-18,Lakers,Nets,Home,Coach Cruz,Forward,88,15,4,0,1
2028-02-18,2028-02-19,Warriors,Spurs,Away,Coach Smith,Center,106,7,13,1,0
2028-02-19,2028-02-20,Bulls,Nets,Away,Coach Reyes,Center,66,5,4,1,2
2028-02-20,2028-02-21,Heat,Nets,Home,Coach Smith,Center,93,18,12,3,4
2028-02-21,2028-02-22,Bulls,Raptors,Away,Coach Tan,Forward,74,16,11,3,1
2028-02-22,2028-02-23,Celtics,Raptors,Home,Coach Reyes,Forward,66,12,6,1,3
2028-02-23,2028-02-24,Lakers,Nets,Home,Coach Reyes,Forward,62,16,6,1,1
2028-02-24,2028-02-25,Celtics,Spurs,Home,Coach Tan,Forward,74,17,7,1,4
2028-02-25,2028-02-26,Heat,Nets,Away,Coach Lee,Guard,117,9,9,4,4
2028-02-26,2028-02-27,Celtics,Raptors,Home,Coach Reyes,Forward,59,19,11,3,1
2028-02-27,2028-02-28,Bulls,Spurs,Home,Coach Smith,Center,116,9,7,1,3
2028-02-28,2028-02-29,Celtics,Nets,Away,Coach Cruz,Guard,67,15,13,2,1
2028-02-29,2028-03-01,Heat,Suns,Away,Coach Smith,Center,83,8,2,2,4
2028-03-01,2028-03-02,Heat,Suns,Home,Coach Lee,Forward,57,10,9,4,4
2028-03-02,2028-03-03,Heat,Nets,Home,Coach Cruz,Guard,89,7,9,4,2
2028-03-03,2028-03-04,Bulls,Spurs,Away,Coach Smith,Forward,91,13,10,0,2
2028-03-04,2028-03-05,Heat,Nets,Away,Coach Smith,Guard,90,9,10,0,0
2028-03-05,2028-03-06,Lakers,Nets,Away,Coach Tan,Center,55,7,3,0,4
2028-03-06,2028-03-07,Heat,Raptors,Home,Coach Lee,Forward,101,15,3,4,2
2028-03-07,2028-03-08,Celtics,Suns,Home,Coach Tan,Forward,75,5,4,4,1
2028-03-08,2028-03-09,Celtics,Raptors,Home,Coach Cruz,Guard,113,14,2,4,3
2028-03-09,2028-03-10,Celtics,Raptors,Away,Coach Tan,Guard,108,16,5,2,1
2028-03-10,2028-03-11,Bulls,Nets,Home,Coach Lee,Forward,105,10,5,4,3
2028-03-11,2028-03-12,Celtics,Raptors,Away,Coach Reyes,Guard,108,19,10,2,2
2028-03-12,2028-03-13,Bulls,Suns,Home,Coach Reyes,Forward,119,6,10,0,0
2028-03-13,2028-03-14,Bulls,Raptors,Away,Coach Cruz,Guard,82,17,10,0,1
2028-03-14,2028-03-15,Heat,Suns,Home,Coach Reyes,Center,102,7,11,0,1
2028-03-15,2028-03-16,Lakers,Raptors,Home,Coach Tan,Guard,71,5,8,1,1
2028-03-16,2028-03-17,Heat,Suns,Away,Coach Cruz,Center,70,13,3,1,3
2028-03-17,2028-03-18,Heat,Raptors,Away,Coach Lee,Guard,119,12,11,3,2
2028-03-18,2028-03-19,Bulls,Raptors,Home,Coach Cruz,Guard,119,16,6,3,1
2028-03-19,2028-03-20,Bulls,Spurs,Away,Coach Cruz,Forward,53,6,5,3,1
2028-03-20,2028-03-21,Celtics,Suns,Away,Coach Smith,Guard,124,19,13,1,0
2028-03-21,2028-03-22,Celtics,Suns,Home,Coach Smith,Guard,111,16,12,1,0
2028-03-22,2028-03-23,Heat,Suns,Away,Coach Cruz,Center,111,15,9,3,2
2028-03-23,2028-03-24,Warriors,Knicks,Home,Coach Reyes,Guard,73,12,3,3,2
2028-03-24,2028-03-25,Warriors,Raptors,Home,Coach Smith,Forward,104,16,7,4,4
2028-03-25,2028-03-26,Celtics,Suns,Away,Coach Lee,Center,58,18,14,3,0
2028-03-26,2028-03-27,Warriors,Knicks,Away,Coach Tan,Forward,52,13,6,4,4
2028-03-27,2028-03-28,Celtics,Spurs,Home,Coach Smith,Forward,80,5,13,2,3
2028-03-28,2028-03-29,Bulls,Suns,Home,Coach Cruz,Forward,89,17,3,1,4
2028-03-29,2028-03-30,Heat,Suns,Home,Coach Reyes,Forward,85,9,12,3,1
2028-03-30,2028-03-31,Lakers,Knicks,Home,Coach Tan,Center,73,12,11,1,4
2028-03-31,2028-04-01,Heat,Raptors,Home,Coach Smith,Guard,55,19,2,1,2
2028-04-01,2028-04-02,Celtics,Spurs,Home,Coach Reyes,Forward,115,15,9,1,3
2028-04-02,2028-04-03,Celtics,Suns,Away,Coach Reyes,Center,124,18,3,2,1
2028-04-03,2028-04-04,Heat,Raptors,Away,Coach Reyes,Forward,53,6,8,0,4
2028-04-04,2028-04-05,Celtics,Spurs,Away,Coach Cruz,Guard,128,8,10,3,3
2028-04-05,2028-04-06,Warriors,Nets,Home,Coach Lee,Center,55,11,10,0,3
2028-04-06,2028-04-07,Warriors,Nets,Away,Coach Reyes,Center,100,7,9,0,1
2028-04-07,2028-04-08,Celtics,Spurs,Home,Coach Tan,Guard,111,17,12,0,4
2028-04-08,2028-04-09,Celtics,Knicks,Home,Coach Smith,Center,106,16,13,1,3
2028-04-09,2028-04-10,Warriors,Spurs,Away,Coach Tan,Guard,115,9,11,4,3
2028-04-10,2028-04-11,Celtics,Spurs,Home,Coach Cruz,Center,128,12,10,1,0
2028-04-11,2028-04-12,Celtics,Knicks,Home,Coach Cruz,Center,124,16,3,1,3
2028-04-12,2028-04-13,Heat,Knicks,Home,Coach Tan,Guard,57,14,7,0,0
2028-04-13,2028-04-14,Lakers,Raptors,Home,Coach Lee,Guard,75,7,5,1,4
2028-04-14,2028-04-15,Warriors,Raptors,Home,Coach Cruz,Center,100,8,5,0,4
2028-04-15,2028-04-16,Heat,Knicks,Home,Coach Cruz,Center,94,18,6,4,4
2028-04-16,2028-04-17,Lakers,Nets,Away,Coach Tan,Guard,93,19,13,3,2
2028-04-17,2028-04-18,Celtics,Nets,Home,Coach Cruz,Guard,54,13,4,0,4
2028-04-18,2028-04-19,Celtics,Spurs,Home,Coach Lee,Center,119,18,2,4,3
2028-04-19,2028-04-20,Heat,Suns,Home,Coach Lee,Center,75,18,9,3,1
2028-04-20,2028-04-21,Celtics,Spurs,Home,Coach Lee,Center,117,11,6,2,0
2028-04-21,2028-04-22,Bulls,Spurs,Away,Coach Smith,Guard,68,5,4,0,2
2028-04-22,2028-04-23,Heat,Suns,Away,Coach Lee,Center,69,18,11,0,4
2028-04-23,2028-04-24,Lakers,Knicks,Home,Coach Lee,Forward,61,16,8,2,4
2028-04-24,2028-04-25,Heat,Nets,Home,Coach Smith,Guard,96,8,8,2,1
2028-04-25,2028-04-26,Warriors,Spurs,Home,Coach Reyes,Center,50,8,2,0,1
2028-04-26,2028-04-27,Heat,Suns,Away,Coach Cruz,Guard,63,13,13,2,2
2028-04-27,2028-04-28,Celtics,Raptors,Away,Coach Lee,Forward,113,10,10,1,0
2028-04-28,2028-04-29,Celtics,Spurs,Away,Coach Cruz,Guard,87,13,3,3,4
2028-04-29,2028-04-30,Bulls,Nets,Away,Coach Tan,Center,86,16,6,3,2
2028-04-30,2028-05-01,Bulls,Knicks,Home,Coach Cruz,Forward,60,19,14,3,3
2028-05-01,2028-05-02,Bulls,Spurs,Away,Coach Smith,Forward,126,10,6,1,3
2028-05-02,2028-05-03,Lakers,Spurs,Away,Coach Cruz,Center,52,10,9,2,2
2028-05-03,2028-05-04,Bulls,Suns,Home,Coach Cruz,Center,82,9,9,4,4
2028-05-04,2028-05-05,Lakers,Raptors,Home,Coach Cruz,Center,55,9,8,2,2
2028-05-05,2028-05-06,Bulls,Raptors,Away,Coach Reyes,Guard,99,6,8,0,4
2028-05-06,2028-05-07,Lakers,Knicks,Away,Coach Reyes,Guard,59,12,13,3,1
2028-05-07,2028-05-08,Heat,Nets,Away,Coach Tan,Guard,54,12,12,2,2
2028-05-08,2028-05-09,Heat,Knicks,Away,Coach Smith,Center,72,15,7,4,4
2028-05-09,2028-05-10,Celtics,Spurs,Home,Coach Cruz,Center,59,17,7,0,2
2028-05-10,2028-05-11,Lakers,Spurs,Home,Coach Cruz,Guard,93,5,12,1,2
2028-05-11,2028-05-12,Warriors,Raptors,Away,Coach Cruz,Forward,51,12,10,1,4
2028-05-12,2028-05-13,Celtics,Nets,Away,Coach Cruz,Guard,62,9,7,4,4
2028-05-13,2028-05-14,Heat,Suns,Away,Coach Reyes,Forward,89,6,13,0,0
2028-05-14,2028-05-15,Lakers,Nets,Away,Coach Tan,Center,51,18,14,3,2
2028-05-15,2028-05-16,Bulls,Spurs,Away,Coach Lee,Center,114,6,14,2,3
2028-05-16,2028-05-17,Warriors,Suns,Home,Coach Smith,Guard,112,18,3,0,2
2028-05-17,2028-05-18,Heat,Nets,Home,Coach Cruz,Guard,122,19,3,1,2
2028-05-18,2028-05-19,Celtics,Nets,Home,Coach Tan,Center,66,19,14,4,4
2028-05-19,2028-05-20,Lakers,Suns,Away,Coach Lee,Guard,58,10,6,4,2
2028-05-20,2028-05-21,Warriors,Spurs,Away,Coach Tan,Center,124,15,5,2,2
2028-05-21,2028-05-22,Lakers,Nets,Home,Coach Reyes,Center,64,17,12,4,3
2028-05-22,2028-05-23,Bulls,Suns,Home,Coach Lee,Forward,73,13,3,4,4
2028-05-23,2028-05-24,Celtics,Spurs,Away,Coach Tan,Guard,87,5,4,0,2
2028-05-24,2028-05-25,Lakers,Suns,Home,Coach Reyes,Center,84,16,8,3,1
2028-05-25,2028-05-26,Heat,Suns,Away,Coach Tan,Guard,98,10,9,2,0
2028-05-26,2028-05-27,Celtics,Nets,Away,Coach Tan,Forward,118,13,13,0,3
2028-05-27,2028-05-28,Heat,Spurs,Home,Coach Lee,Forward,111,12,14,3,2
2028-05-28,2028-05-29,Lakers,Nets,Home,Coach Reyes,Guard,109,15,7,0,1
2028-05-29,2028-05-30,Celtics,Knicks,Home,Coach Cruz,Guard,99,10,12,0,2
2028-05-30,2028-05-31,Heat,Knicks,Away,Coach Smith,Center,127,7,6,4,2
2028-05-31,2028-06-01,Bulls,Spurs,Away,Coach Lee,Forward,124,12,14,3,4
2028-06-01,2028-06-02,Bulls,Suns,Home,Coach Reyes,Forward,58,13,2,2,4
2028-06-02,2028-06-03,Lakers,Nets,Away,Coach Tan,Forward,83,5,9,2,4
2028-06-03,2028-06-04,Celtics,Nets,Away,Coach Reyes,Guard,125,16,4,3,1
2028-06-04,2028-06-05,Warriors,Spurs,Away,Coach Smith,Center,84,13,7,4,2
2028-06-05,2028-06-06,Celtics,Spurs,Home,Coach Smith,Guard,50,18,4,1,0
2028-06-06,2028-06-07,Bulls,Knicks,Away,Coach Cruz,Guard,89,19,8,0,3
2028-06-07,2028-06-08,Heat,Raptors,Home,Coach Cruz,Guard,113,10,14,4,4
2028-06-08,2028-06-09,Warriors,Spurs,Home,Coach Smith,Center,71,10,8,3,4
2028-06-09,2028-06-10,Lakers,Raptors,Away,Coach Lee,Guard,109,16,13,0,2
2028-06-10,2028-06-11,Warriors,Spurs,Home,Coach Lee,Forward,113,8,10,2,2
2028-06-11,2028-06-12,Lakers,Suns,Away,Coach Tan,Forward,121,5,6,1,1
2028-06-12,2028-06-13,Warriors,Suns,Home,Coach Cruz,Forward,60,14,9,2,1
2028-06-13,2028-06-14,Lakers,Knicks,Home,Coach Tan,Center,63,12,11,3,4
2028-06-14,2028-06-15,Lakers,Knicks,Away,Coach Cruz,Guard,109,6,11,0,2
2028-06-15,2028-06-16,Warriors,Raptors,Home,Coach Smith,Center,79,16,9,3,0
2028-06-16,2028-06-17,Warriors,Spurs,Home,Coach Lee,Guard,84,5,2,0,3
2028-06-17,2028-06-18,Lakers,Nets,Home,Coach Lee,Forward,86,6,13,4,2
2028-06-18,2028-06-19,Bulls,Knicks,Away,Coach Smith,Guard,54,5,6,1,2
2028-06-19,2028-06-20,Warriors,Nets,Away,Coach Tan,Guard,127,5,4,4,1
2028-06-20,2028-06-21,Celtics,Nets,Home,Coach Tan,Guard,75,13,2,4,3
2028-06-21,2028-06-22,Heat,Spurs,Home,Coach Reyes,Center,111,17,5,3,4
2028-06-22,2028-06-23,Lakers,Raptors,Home,Coach Cruz,Guard,53,18,9,1,2
2028-06-23,2028-06-24,Lakers,Spurs,Away,Coach Tan,Guard,91,5,4,0,4
2028-06-24,2028-06-25,Heat,Knicks,Away,Coach Smith,Guard,67,17,11,0,2
2028-06-25,2028-06-26,Bulls,Nets,Home,Coach Tan,Center,89,8,3,2,4
2028-06-26,2028-06-27,Heat,Spurs,Away,Coach Lee,Center,121,14,12,0,3
2028-06-27,2028-06-28,Warriors,Spurs,Away,Coach Cruz,Center,88,10,10,3,1
2028-06-28,2028-06-29,Heat,Spurs,Away,Coach Reyes,Guard,63,11,11,4,3
2028-06-29,2028-06-30,Lakers,Knicks,Away,Coach Cruz,Forward,81,6,6,4,0
2028-06-30,2028-07-01,Heat,Raptors,Home,Coach Lee,Forward,100,10,8,4,1
2028-07-01,2028-07-02,Celtics,Spurs,Away,Coach Lee,Forward,87,11,12,1,3
2028-07-02,2028-07-03,Warriors,Knicks,Away,Coach Lee,Guard,72,14,12,0,0
2028-07-03,2028-07-04,Heat,Nets,Home,Coach Lee,Forward,112,18,3,3,2
2028-07-04,2028-07-05,Lakers,Suns,Home,Coach Smith,Forward,64,14,10,1,2
2028-07-05,2028-07-06,Warriors,Knicks,Away,Coach Reyes,Forward,74,6,14,2,4
2028-07-06,2028-07-07,Lakers,Suns,Away,Coach Lee,Guard,66,19,10,3,1
2028-07-07,2028-07-08,Bulls,Spurs,Home,Coach Lee,Forward,115,6,5,3,2
2028-07-08,2028-07-09,Celtics,Spurs,Home,Coach Tan,Forward,127,14,5,3,1
2028-07-09,2028-07-10,Bulls,Knicks,Home,Coach Reyes,Guard,102,11,7,4,2
2028-07-10,2028-07-11,Celtics,Suns,Away,Coach Cruz,Center,100,16,11,3,4
2028-07-11,2028-07-12,Heat,Spurs,Away,Coach Reyes,Forward,88,5,11,0,3
2028-07-12,2028-07-13,Warriors,Nets,Home,Coach Reyes,Center,100,12,11,3,4
2028-07-13,2028-07-14,Heat,Raptors,Away,Coach Reyes,Forward,119,15,7,4,0
2028-07-14,2028-07-15,Celtics,Raptors,Home,Coach Lee,Guard,55,17,13,3,2
2028-07-15,2028-07-16,Celtics,Spurs,Away,Coach Lee,Center,116,7,2,2,0
2028-07-16,2028-07-17,Celtics,Suns,Home,Coach Smith,Center,56,15,10,2,0
2028-07-17,2028-07-18,Lakers,Spurs,Home,Coach Cruz,Center,100,10,3,4,1
2028-07-18,2028-07-19,Warriors,Suns,Away,Coach Tan,Center,121,13,6,0,2
2028-07-19,2028-07-20,Heat,Nets,Away,Coach Reyes,Forward,91,10,10,0,0
2028-07-20,2028-07-21,Heat,Suns,Away,Coach Cruz,Forward,113,13,5,1,3
2028-07-21,2028-07-22,Bulls,Spurs,Away,Coach Cruz,Center,64,11,12,4,0
2028-07-22,2028-07-23,Celtics,Nets,Away,Coach Smith,Forward,78,19,4,3,3
2028-07-23,2028-07-24,Celtics,Knicks,Away,Coach Tan,Center,82,13,8,4,1
2028-07-24,2028-07-25,Celtics,Raptors,Home,Coach Reyes,Center,76,6,7,1,0
2028-07-25,2028-07-26,Heat,Spurs,Away,Coach Tan,Guard,85,16,9,4,4
2028-07-26,2028-07-27,Bulls,Spurs,Home,Coach Smith,Center,78,12,4,4,1
2028-07-27,2028-07-28,Lakers,Spurs,Home,Coach Lee,Forward,87,12,6,1,3
2028-07-28,2028-07-29,Warriors,Nets,Away,Coach Cruz,Center,106,6,11,0,1
2028-07-29,2028-07-30,Lakers,Knicks,Home,Coach Reyes,Guard,76,16,5,3,0
2028-07-30,2028-07-31,Heat,Suns,Home,Coach Lee,Forward,104,18,14,1,2
2028-07-31,2028-08-01,Celtics,Knicks,Away,Coach Smith,Guard,82,8,5,2,2
2028-08-01,2028-08-02,Warriors,Nets,Away,Coach Tan,Guard,117,18,5,0,3
2028-08-02,2028-08-03,Heat,Spurs,Away,Coach Cruz,Center,115,19,11,2,3
2028-08-03,2028-08-04,Heat,Raptors,Home,Coach Reyes,Guard,59,15,9,0,2
2028-08-04,2028-08-05,Heat,Spurs,Away,Coach Lee,Guard,54,19,7,3,3
2028-08-05,2028-08-06,Warriors,Suns,Away,Coach Lee,Forward,123,11,4,3,1
2028-08-06,2028-08-07,Warriors,Raptors,Away,Coach Cruz,Guard,87,15,11,4,4
2028-08-07,2028-08-08,Bulls,Spurs,Away,Coach Tan,Center,62,8,6,2,4
2028-08-08,2028-08-09,Bulls,Raptors,Home,Coach Smith,Center,80,8,7,0,1
2028-08-09,2028-08-10,Lakers,Knicks,Away,Coach Tan,Center,96,10,6,3,4
2028-08-10,2028-08-11,Warriors,Nets,Home,Coach Tan,Guard,101,14,7,1,0
2028-08-11,2028-08-12,Warriors,Spurs,Away,Coach Tan,Forward,105,10,9,3,1
2028-08-12,2028-08-13,Warriors,Suns,Home,Coach Cruz,Center,64,14,8,1,3
2028-08-13,2028-08-14,Bulls,Knicks,Home,Coach Cruz,Guard,78,19,6,0,1
2028-08-14,2028-08-15,Heat,Spurs,Home,Coach Smith,Center,57,7,11,3,2
2028-08-15,2028-08-16,Celtics,Knicks,Away,Coach Tan,Center,54,19,7,3,3
2028-08-16,2028-08-17,Bulls,Suns,Home,Coach Cruz,Forward,78,13,5,0,2
2028-08-17,2028-08-18,Warriors,Spurs,Away,Coach Smith,Center,96,16,13,3,3
2028-08-18,2028-08-19,Bulls,Suns,Away,Coach Smith,Forward,117,14,10,1,4
2028-08-19,2028-08-20,Lakers,Raptors,Away,Coach Tan,Guard,125,18,14,3,1
2028-08-20,2028-08-21,Warriors,Suns,Away,Coach Reyes,Center,94,15,5,2,0
2028-08-21,2028-08-22,Lakers,Raptors,Away,Coach Tan,Guard,51,6,2,4,3
2028-08-22,2028-08-23,Warriors,Spurs,Home,Coach Reyes,Guard,76,10,8,1,3
2028-08-23,2028-08-24,Bulls,Raptors,Away,Coach Smith,Guard,85,16,8,2,2
2028-08-24,2028-08-25,Heat,Spurs,Home,Coach Cruz,Center,85,11,5,0,4
2028-08-25,2028-08-26,Celtics,Spurs,Home,Coach Lee,Forward,75,16,14,1,2
2028-08-26,2028-08-27,Lakers,Nets,Home,Coach Smith,Center,92,17,4,4,2
2028-08-27,2028-08-28,Bulls,Spurs,Home,Coach Cruz,Guard,76,13,9,4,4
2028-08-28,2028-08-29,Heat,Raptors,Home,Coach Smith,Forward,118,17,6,0,0
2028-08-29,2028-08-30,Bulls,Nets,Home,Coach Tan,Guard,69,7,11,0,2
2028-08-30,2028-08-31,Lakers,Nets,Home,Coach Reyes,Forward,60,14,8,1,2
2028-08-31,2028-09-01,Celtics,Spurs,Away,Coach Smith,Center,123,7,5,3,3
2028-09-01,2028-09-02,Bulls,Suns,Home,Coach Cruz,Forward,87,11,5,0,4
2028-09-02,2028-09-03,Warriors,Suns,Away,Coach Tan,Center,55,18,9,3,1
2028-09-03,2028-09-04,Heat,Nets,Home,Coach Lee,Guard,121,8,9,2,0
2028-09-04,2028-09-05,Bulls,Spurs,Home,Coach Tan,Forward,72,17,3,4,0
2028-09-05,2028-09-06,Heat,Suns,Home,Coach Reyes,Guard,96,12,3,3,4
2028-09-06,2028-09-07,Warriors,Spurs,Home,Coach Tan,Forward,95,17,4,4,3
2028-09-07,2028-09-08,Celtics,Spurs,Away,Coach Lee,Center,61,11,13,3,3
2028-09-08,2028-09-09,Celtics,Nets,Away,Coach Cruz,Forward,62,9,13,2,4
2028-09-09,2028-09-10,Warriors,Nets,Away,Coach Smith,Forward,111,11,4,0,3
2028-09-10,2028-09-11,Heat,Knicks,Home,Coach Reyes,Center,109,7,2,2,0
2028-09-11,2028-09-12,Bulls,Suns,Home,Coach Lee,Center,92,16,4,0,0
2028-09-12,2028-09-13,Warriors,Suns,Home,Coach Reyes,Center,125,6,7,0,1
2028-09-13,2028-09-14,Lakers,Suns,Away,Coach Tan,Forward,117,10,9,4,4
2028-09-14,2028-09-15,Heat,Raptors,Home,Coach Reyes,Guard,54,6,14,2,2
2028-09-15,2028-09-16,Celtics,Spurs,Away,Coach Lee,Forward,86,7,13,3,2
2028-09-16,2028-09-17,Warriors,Nets,Away,Coach Smith,Forward,121,10,11,2,1
2028-09-17,2028-09-18,Celtics,Suns,Home,Coach Smith,Guard,80,9,7,4,1
2028-09-18,2028-09-19,Heat,Knicks,Home,Coach Reyes,Center,58,12,6,0,3
2028-09-19,2028-09-20,Celtics,Suns,Away,Coach Cruz,Forward,100,13,5,4,1
2028-09-20,2028-09-21,Warriors,Spurs,Away,Coach Reyes,Guard,78,15,4,1,1
2028-09-21,2028-09-22,Heat,Spurs,Away,Coach Tan,Center,127,7,14,1,2
2028-09-22,2028-09-23,Lakers,Nets,Home,Coach Smith,Center,89,16,5,3,3
2028-09-23,2028-09-24,Warriors,Raptors,Home,Coach Smith,Forward,90,14,8,4,1
2028-09-24,2028-09-25,Bulls,Nets,Home,Coach Smith,Center,60,7,2,3,1
2028-09-25,2028-09-26,Warriors,Suns,Home,Coach Cruz,Center,72,7,8,3,3
2028-09-26,2028-09-27,Heat,Knicks,Home,Coach Cruz,Guard,50,17,2,1,4
