Game_Date,Flight_Date,Team_Name,Opponent_Team,Location,Pilot_Name,Aircraft_Type,Points_Scored,Rebounds,Assists,Flight_Duration_Hours,Delay_Minutes
2026-01-01,2026-01-02,Heat,Spurs,Domestic,Captain Lee,Boeing 737,101,18,14,1.44,87
2026-01-02,2026-01-03,Warriors,Suns,Domestic,Captain Tan,Airbus A320,64,9,7,2.1,65
2026-01-03,2026-01-04,Celtics,Nets,International,Captain Smith,Embraer 190,121,9,2,3.99,103
2026-01-04,2026-01-05,Heat,Raptors,International,Captain Smith,Boeing 737,110,14,8,4.68,14
2026-01-05,2026-01-06,Celtics,Suns,Domestic,Captain Cruz,Airbus A320,70,18,13,5.99,95
2026-01-06,2026-01-07,Heat,Spurs,International,Captain Lee,Airbus A320,124,8,2,5.67,38
2026-01-07,2026-01-08,Bulls,Suns,Domestic,Captain Cruz,Embraer 190,124,10,6,4.21,69
2026-01-08,2026-01-09,Warriors,Knicks,International,Captain Smith,Boeing 747,73,11,11,3.11,0
2026-01-09,2026-01-10,Lakers,Spurs,International,Captain Smith,Embraer 190,52,13,14,4.18,110
2026-01-10,2026-01-11,Heat,Knicks,International,Captain Lee,Boeing 747,71,5,9,4.93,22
2026-01-11,2026-01-12,Heat,Spurs,Domestic,Captain Tan,Airbus A320,102,19,5,1.59,38
2026-01-12,2026-01-13,Celtics,Suns,Domestic,Captain Tan,Boeing 737,51,10,6,3.05,56
2026-01-13,2026-01-14,Bulls,Nets,Domestic,Captain Lee,Bombardier CRJ,79,11,5,5.2,80
2026-01-14,2026-01-15,Celtics,Raptors,Domestic,Captain Lee,Airbus A320,87,7,13,2.92,33
2026-01-15,2026-01-16,Celtics,Knicks,International,Captain Cruz,Boeing 737,51,12,13,3.86,40
2026-01-16,2026-01-17,Bulls,Suns,International,Captain Lee,Airbus A320,113,19,5,3.94,92
2026-01-17,2026-01-18,Lakers,Nets,Domestic,Captain Tan,Embraer 190,109,9,13,1.92,72
2026-01-18,2026-01-19,Celtics,Suns,International,Captain Lee,Boeing 747,70,19,9,2.81,12
2026-01-19,2026-01-20,Celtics,Knicks,International,Captain Cruz,Airbus A320,82,13,3,2.67,69
2026-01-20,2026-01-21,Heat,Raptors,Domestic,Captain Cruz,Boeing 737,125,9,2,1.13,5
2026-01-21,2026-01-22,Bulls,Suns,International,Captain Cruz,Embraer 190,107,13,4,1.12,83
2026-01-22,2026-01-23,Warriors,Spurs,International,Captain Cruz,Bombardier CRJ,71,14,10,5.16,51
2026-01-23,2026-01-24,Lakers,Nets,Domestic,Captain Reyes,Embraer 190,98,8,5,2.37,116
2026-01-24,2026-01-25,Lakers,Suns,International,Captain Lee,Boeing 747,108,13,11,3.59,2
2026-01-25,2026-01-26,Bulls,Nets,International,Captain Smith,Embraer 190,91,9,6,2.49,80
2026-01-26,2026-01-27,Heat,Spurs,International,Captain Lee,Bombardier CRJ,109,14,3,5.7,62
2026-01-27,2026-01-28,Heat,Raptors,Domestic,Captain Reyes,Boeing 737,129,13,5,2.3,48
2026-01-28,2026-01-29,Bulls,Raptors,Domestic,Captain Cruz,Airbus A320,64,7,3,3.15,75
2026-01-29,2026-01-30,Heat,Spurs,International,Captain Reyes,Boeing 747,111,19,3,5.36,111
2026-01-30,2026-01-31,Lakers,Nets,International,Captain Tan,Bombardier CRJ,111,8,5,5.21,46
2026-01-31,2026-02-01,Lakers,Suns,International,Captain Tan,Boeing 747,96,13,7,1.93,108
2026-02-01,2026-02-02,Warriors,Spurs,Domestic,Captain Lee,Embraer 190,111,14,8,5.01,54
2026-02-02,2026-02-03,Bulls,Knicks,Domestic,Captain Lee,Boeing 747,100,15,11,3.29,63
2026-02-03,2026-02-04,Celtics,Nets,Domestic,Captain Smith,Bombardier CRJ,104,10,4,3.41,64
2026-02-04,2026-02-05,Celtics,Raptors,International,Captain Smith,Airbus A320,113,6,4,1.67,80
2026-02-05,2026-02-06,Warriors,Spurs,International,Captain Tan,Airbus A320,52,11,11,1.4,66
2026-02-06,2026-02-07,Warriors,Raptors,International,Captain Cruz,Boeing 747,100,6,7,4.64,89
2026-02-07,2026-02-08,Heat,Nets,International,Captain Reyes,Boeing 737,56,15,14,3.48,14
2026-02-08,2026-02-09,Warriors,Raptors,International,Captain Smith,Boeing 747,70,6,13,3.18,99
2026-02-09,2026-02-10,Warriors,Spurs,Domestic,Captain Smith,Embraer 190,122,15,4,4.65,31
2026-02-10,2026-02-11,Celtics,Nets,International,Captain Cruz,Airbus A320,88,5,14,4.83,95
2026-02-11,2026-02-12,Heat,Knicks,International,Captain Cruz,Airbus A320,67,15,3,1.79,67
2026-02-12,2026-02-13,Warriors,Spurs,International,Captain Lee,Airbus A320,53,15,9,4.05,17
2026-02-13,2026-02-14,Warriors,Suns,Domestic,Captain Reyes,Boeing 737,109,16,6,1.68,112
2026-02-14,2026-02-15,Heat,Spurs,International,Captain Cruz,Boeing 737,63,15,2,4.76,82
2026-02-15,2026-02-16,Bulls,Nets,Domestic,Captain Smith,Bombardier CRJ,58,7,4,4.28,42
2026-02-16,2026-02-17,Heat,Spurs,Domestic,Captain Smith,Boeing 747,102,10,11,5.78,115
2026-02-17,2026-02-18,Celtics,Knicks,Domestic,Captain Tan,Boeing 747,51,12,9,1.34,34
2026-02-18,2026-02-19,Bulls,Knicks,Domestic,Captain Cruz,Embraer 190,109,13,5,1.29,103
2026-02-19,2026-02-20,Lakers,Suns,Domestic,Captain Lee,Airbus A320,120,11,8,2.41,77
2026-02-20,2026-02-21,Heat,Raptors,International,Captain Reyes,Boeing 737,93,8,11,2.31,57
2026-02-21,2026-02-22,Celtics,Nets,International,Captain Lee,Embraer 190,57,10,13,2.23,32
2026-02-22,2026-02-23,Bulls,Nets,Domestic,Captain Smith,Embraer 190,96,9,3,5.53,13
2026-02-23,2026-02-24,Heat,Raptors,Domestic,Captain Lee,Boeing 737,84,12,8,2.25,33
2026-02-24,2026-02-25,Warriors,Knicks,Domestic,Captain Smith,Boeing 747,127,5,6,2.36,60
2026-02-25,2026-02-26,Heat,Knicks,International,Captain Smith,Airbus A320,85,5,6,4.8,118
2026-02-26,2026-02-27,Lakers,Spurs,International,Captain Smith,Boeing 747,99,17,7,3.25,3
2026-02-27,2026-02-28,Heat,Suns,Domestic,Captain Smith,Embraer 190,53,19,14,4.88,87
2026-02-28,2026-03-01,Bulls,Suns,International,Captain Smith,Airbus A320,51,15,10,1.33,58
2026-03-01,2026-03-02,Bulls,Suns,International,Captain Tan,Bombardier CRJ,55,10,7,3.44,28
2026-03-02,2026-03-03,Heat,Spurs,Domestic,Captain Lee,Embraer 190,103,14,13,1.17,82
2026-03-03,2026-03-04,Bulls,Suns,Domestic,Captain Tan,Boeing 747,53,16,14,1.31,5
2026-03-04,2026-03-05,Warriors,Raptors,International,Captain Tan,Boeing 747,103,6,9,5.53,96
2026-03-05,2026-03-06,Heat,Spurs,International,Captain Cruz,Boeing 747,112,9,8,1.7,48
2026-03-06,2026-03-07,Warriors,Raptors,International,Captain Cruz,Boeing 737,67,5,10,3.66,39
2026-03-07,2026-03-08,Warriors,Spurs,Domestic,Captain Cruz,Embraer 190,93,11,5,3.06,82
2026-03-08,2026-03-09,Celtics,Suns,Domestic,Captain Reyes,Airbus A320,83,5,3,2.74,116
2026-03-09,2026-03-10,Heat,Raptors,Domestic,Captain Cruz,Boeing 747,123,8,8,5.5,64
2026-03-10,2026-03-11,Bulls,Raptors,International,Captain Lee,Boeing 747,111,13,7,1.11,68
2026-03-11,2026-03-12,Warriors,Raptors,International,Captain Tan,Boeing 737,63,5,2,4.32,26
2026-03-12,2026-03-13,Celtics,Spurs,Domestic,Captain Lee,Airbus A320,97,8,12,5.82,79
2026-03-13,2026-03-14,Heat,Nets,International,Captain Cruz,Embraer 190,64,10,10,3.8,5
2026-03-14,2026-03-15,Heat,Suns,Domestic,Captain Reyes,Bombardier CRJ,121,10,10,5.68,103
2026-03-15,2026-03-16,Lakers,Raptors,International,Captain Reyes,Boeing 737,127,16,13,1.26,12
2026-03-16,2026-03-17,Lakers,Nets,Domestic,Captain Tan,Embraer 190,111,19,3,3.09,111
2026-03-17,2026-03-18,Warriors,Suns,International,Captain Lee,Bombardier CRJ,89,17,4,2.3,63
2026-03-18,2026-03-19,Lakers,Suns,International,Captain Smith,Boeing 747,129,12,6,4.65,61
2026-03-19,2026-03-20,Warriors,Raptors,Domestic,Captain Lee,Boeing 747,102,5,6,5.91,98
2026-03-20,2026-03-21,Bulls,Raptors,Domestic,Captain Cruz,Airbus A320,73,11,2,2.28,18
2026-03-21,2026-03-22,Warriors,Spurs,Domestic,Captain Smith,Bombardier CRJ,75,5,9,4.27,75
2026-03-22,2026-03-23,Lakers,Nets,Domestic,Captain Reyes,Boeing 747,109,17,13,1.99,79
2026-03-23,2026-03-24,Bulls,Nets,Domestic,Captain Tan,Boeing 747,90,18,9,3.83,42
2026-03-24,2026-03-25,Lakers,Raptors,International,Captain Tan,Airbus A320,78,11,5,3.32,73
2026-03-25,2026-03-26,Warriors,Suns,Domestic,Captain Reyes,Embraer 190,64,7,14,5.86,88
2026-03-26,2026-03-27,Celtics,Raptors,Domestic,Captain Cruz,Boeing 747,94,15,8,4.04,19
2026-03-27,2026-03-28,Heat,Suns,Domestic,Captain Reyes,Boeing 737,114,12,12,2.75,94
2026-03-28,2026-03-29,Lakers,Suns,Domestic,Captain Cruz,Boeing 737,120,7,11,1.57,67
2026-03-29,2026-03-30,Warriors,Raptors,Domestic,Captain Smith,Embraer 190,58,18,4,1.76,43
2026-03-30,2026-03-31,Bulls,Knicks,International,Captain Reyes,Bombardier CRJ,50,18,7,2.13,22
2026-03-31,2026-04-01,Lakers,Nets,Domestic,Captain Cruz,Airbus A320,57,17,11,2.25,1
2026-04-01,2026-04-02,Lakers,Suns,Domestic,Captain Smith,Boeing 737,112,5,14,5.25,119
2026-04-02,2026-04-03,Heat,Suns,Domestic,Captain Reyes,Boeing 737,60,17,11,3.81,21
2026-04-03,2026-04-04,Warriors,Knicks,International,Captain Tan,Embraer 190,57,17,13,3.62,114
2026-04-04,2026-04-05,Celtics,Spurs,International,Captain Reyes,Bombardier CRJ,84,18,10,1.57,56
2026-04-05,2026-04-06,Bulls,Knicks,Domestic,Captain Lee,Bombardier CRJ,84,12,2,5.3,100
2026-04-06,2026-04-07,Warriors,Knicks,Domestic,Captain Reyes,Embraer 190,82,7,6,4.61,71
2026-04-07,2026-04-08,Bulls,Suns,International,Captain Lee,Boeing 737,54,6,5,1.34,6
2026-04-08,2026-04-09,Lakers,Nets,International,Captain Smith,Airbus A320,90,5,9,4.54,77
2026-04-09,2026-04-10,Heat,Knicks,International,Captain Reyes,Boeing 737,77,18,12,3.72,55
2026-04-10,2026-04-11,Heat,Spurs,Domestic,Captain Smith,Bombardier CRJ,56,7,13,1.41,118
2026-04-11,2026-04-12,Celtics,Raptors,Domestic,Captain Smith,Boeing 737,122,19,2,3.29,66
2026-04-12,2026-04-13,Heat,Knicks,International,Captain Cruz,Airbus A320,121,6,10,3.42,113
2026-04-13,2026-04-14,Lakers,Knicks,Domestic,Captain Smith,Boeing 747,61,6,7,1.83,15
2026-04-14,2026-04-15,Celtics,Spurs,International,Captain Smith,Boeing 737,83,10,5,5.73,118
2026-04-15,2026-04-16,Warriors,Nets,International,Captain Reyes,Embraer 190,82,16,13,5.25,82
2026-04-16,2026-04-17,Heat,Knicks,International,Captain Reyes,Boeing 747,97,5,10,4.35,50
2026-04-17,2026-04-18,Celtics,Knicks,Domestic,Captain Tan,Embraer 190,72,6,12,3.31,81
2026-04-18,2026-04-19,Lakers,Nets,International,Captain Cruz,Embraer 190,111,18,6,3.06,115
2026-04-19,2026-04-20,Bulls,Spurs,International,Captain Smith,Embraer 190,86,10,6,4.25,79
2026-04-20,2026-04-21,Bulls,Knicks,Domestic,Captain Cruz,Boeing 737,93,7,13,3.73,71
2026-04-21,2026-04-22,Lakers,Nets,International,Captain Lee,Bombardier CRJ,84,19,6,1.31,96
2026-04-22,2026-04-23,Lakers,Knicks,Domestic,Captain Smith,Boeing 747,114,8,2,3.56,112
2026-04-23,2026-04-24,Bulls,Raptors,International,Captain Cruz,Airbus A320,96,5,2,5.03,11
2026-04-24,2026-04-25,Celtics,Suns,Domestic,Captain Tan,Bombardier CRJ,127,12,9,3.3,52
2026-04-25,2026-04-26,Bulls,Raptors,International,Captain Tan,Boeing 737,52,17,13,1.26,74
2026-04-26,2026-04-27,Lakers,Knicks,International,Captain Smith,Embraer 190,50,11,9,4.93,4
2026-04-27,2026-04-28,Heat,Spurs,International,Captain Lee,Airbus A320,54,11,13,2.01,26
2026-04-28,2026-04-29,Warriors,Suns,International,Captain Tan,Boeing 747,63,7,7,2.29,11
2026-04-29,2026-04-30,Heat,Raptors,International,Captain Tan,Bombardier CRJ,76,14,13,1.82,16
2026-04-30,2026-05-01,Heat,Nets,Domestic,Captain Lee,Bombardier CRJ,58,14,12,2.65,5
2026-05-01,2026-05-02,Lakers,Spurs,Domestic,Captain Cruz,Airbus A320,128,7,14,4.78,96
2026-05-02,2026-05-03,Bulls,Raptors,International,Captain Tan,Boeing 737,64,18,5,3.6,4
2026-05-03,2026-05-04,Celtics,Nets,International,Captain Reyes,Boeing 747,91,6,3,2.02,56
2026-05-04,2026-05-05,Heat,Knicks,International,Captain Tan,Airbus A320,126,16,3,5.39,27
2026-05-05,2026-05-06,Bulls,Nets,Domestic,Captain Cruz,Embraer 190,100,5,10,5.4,77
2026-05-06,2026-05-07,Celtics,Raptors,Domestic,Captain Cruz,Boeing 747,112,11,6,5.35,68
2026-05-07,2026-05-08,Heat,Raptors,International,Captain Smith,Bombardier CRJ,101,11,5,2.19,117
2026-05-08,2026-05-09,Celtics,Knicks,Domestic,Captain Reyes,Airbus A320,53,16,11,3.26,119
2026-05-09,2026-05-10,Bulls,Nets,International,Captain Cruz,Bombardier CRJ,72,6,14,5.92,58
2026-05-10,2026-05-11,Warriors,Nets,International,Captain Lee,Bombardier CRJ,64,11,2,4.86,32
2026-05-11,2026-05-12,Bulls,Knicks,International,Captain Reyes,Bombardier CRJ,92,17,8,1.14,61
2026-05-12,2026-05-13,Lakers,Nets,Domestic,Captain Reyes,Boeing 737,78,12,4,1.33,49
2026-05-13,2026-05-14,Celtics,Knicks,International,Captain Lee,Bombardier CRJ,85,5,7,3.32,111
2026-05-14,2026-05-15,Warriors,Spurs,International,Captain Tan,Embraer 190,62,13,6,5.55,104
2026-05-15,2026-05-16,Celtics,Raptors,International,Captain Lee,Embraer 190,81,11,6,3.69,18
2026-05-16,2026-05-17,Celtics,Spurs,Domestic,Captain Lee,Boeing 747,120,7,12,3.49,85
2026-05-17,2026-05-18,Heat,Suns,Domestic,Captain Tan,Bombardier CRJ,108,12,6,1.53,68
2026-05-18,2026-05-19,Lakers,Suns,Domestic,Captain Tan,Bombardier CRJ,77,11,2,4.28,65
2026-05-19,2026-05-20,Celtics,Suns,International,Captain Tan,Airbus A320,115,15,2,5.11,93
2026-05-20,2026-05-21,Bulls,Knicks,Domestic,Captain Tan,Boeing 737,91,19,4,2.9,46
2026-05-21,2026-05-22,Bulls,Nets,International,Captain Tan,Boeing 747,94,17,13,4.88,38
2026-05-22,2026-05-23,Heat,Spurs,Domestic,Captain Lee,Bombardier CRJ,111,12,11,5.82,67
2026-05-23,2026-05-24,Lakers,Spurs,International,Captain Smith,Airbus A320,106,10,5,2.02,32
2026-05-24,2026-05-25,Lakers,Spurs,Domestic,Captain Smith,Boeing 737,55,13,6,3.62,12
2026-05-25,2026-05-26,Bulls,Spurs,International,Captain Cruz,Boeing 747,77,19,3,2.44,83
2026-05-26,2026-05-27,Warriors,Suns,Domestic,Captain Smith,Boeing 747,77,9,9,4.96,53
2026-05-27,2026-05-28,Heat,Spurs,Domestic,Captain Smith,Bombardier CRJ,93,7,12,3.89,6
2026-05-28,2026-05-29,Heat,Nets,Domestic,Captain Lee,Boeing 747,79,7,12,4.17,78
2026-05-29,2026-05-30,Bulls,Suns,International,Captain Tan,Airbus A320,111,5,3,4.99,86
2026-05-30,2026-05-31,Bulls,Spurs,Domestic,Captain Tan,Boeing 747,124,16,10,2.98,13
2026-05-31,2026-06-01,Warriors,Knicks,Domestic,Captain Lee,Embraer 190,111,19,3,5.58,86
2026-06-01,2026-06-02,Warriors,Raptors,Domestic,Captain Smith,Airbus A320,50,12,14,3.67,18
2026-06-02,2026-06-03,Lakers,Raptors,Domestic,Captain Lee,Boeing 737,76,6,10,1.79,53
2026-06-03,2026-06-04,Heat,Raptors,International,Captain Cruz,Boeing 737,111,7,8,4.48,92
2026-06-04,2026-06-05,Heat,Suns,Domestic,Captain Tan,Bombardier CRJ,126,12,9,4.97,119
2026-06-05,2026-06-06,Bulls,Spurs,International,Captain Reyes,Bombardier CRJ,52,18,12,2.58,19
2026-06-06,2026-06-07,Lakers,Suns,International,Captain Cruz,Embraer 190,119,12,3,5.29,28
2026-06-07,2026-06-08,Heat,Nets,International,Captain Cruz,Boeing 737,121,18,8,5.53,23
2026-06-08,2026-06-09,Lakers,Knicks,International,Captain Lee,Boeing 737,76,15,13,2.38,81
2026-06-09,2026-06-10,Lakers,Knicks,Domestic,Captain Smith,Boeing 737,58,8,7,5.92,62
2026-06-10,2026-06-11,Bulls,Raptors,International,Captain Tan,Boeing 737,111,8,5,1.7,73
2026-06-11,2026-06-12,Lakers,Raptors,International,Captain Reyes,Boeing 747,86,9,8,2.01,104
2026-06-12,2026-06-13,Warriors,Raptors,International,Captain Cruz,Airbus A320,100,10,14,1.92,56
2026-06-13,2026-06-14,Warriors,Spurs,International,Captain Reyes,Airbus A320,93,9,5,5.47,7
2026-06-14,2026-06-15,Celtics,Nets,Domestic,Captain Smith,Embraer 190,73,18,3,4.27,89
2026-06-15,2026-06-16,Bulls,Nets,Domestic,Captain Smith,Boeing 747,128,19,11,1.76,61
2026-06-16,2026-06-17,Celtics,Nets,International,Captain Reyes,Boeing 737,108,11,13,3.2,28
2026-06-17,2026-06-18,Warriors,Nets,International,Captain Tan,Boeing 737,81,6,8,4.08,73
2026-06-18,2026-06-19,Celtics,Raptors,International,Captain Smith,Bombardier CRJ,101,11,9,1.42,16
2026-06-19,2026-06-20,Bulls,Knicks,Domestic,Captain Reyes,Bombardier CRJ,111,14,3,5.41,65
2026-06-20,2026-06-21,Bulls,Raptors,Domestic,Captain Cruz,Embraer 190,107,11,6,5.02,5
2026-06-21,2026-06-22,Lakers,Nets,Domestic,Captain Reyes,Boeing 737,101,5,2,3.53,57
2026-06-22,2026-06-23,Heat,Raptors,Domestic,Captain Reyes,Embraer 190,61,11,8,5.84,68
2026-06-23,2026-06-24,Lakers,Nets,Domestic,Captain Lee,Boeing 747,88,9,9,3.09,27
2026-06-24,2026-06-25,Bulls,Suns,International,Captain Smith,Airbus A320,51,7,14,5.92,61
2026-06-25,2026-06-26,Warriors,Knicks,Domestic,Captain Tan,Boeing 737,52,17,7,4.34,40
2026-06-26,2026-06-27,Warriors,Suns,Domestic,Captain Tan,Boeing 747,105,7,6,4.17,68
2026-06-27,2026-06-28,Lakers,Spurs,International,Captain Lee,Boeing 737,108,8,7,1.83,81
2026-06-28,2026-06-29,Bulls,Raptors,Domestic,Captain Tan,Bombardier CRJ,51,17,3,5.41,89
2026-06-29,2026-06-30,Warriors,Spurs,Domestic,Captain Reyes,Embraer 190,51,16,2,3.14,83
2026-06-30,2026-07-01,Bulls,Raptors,Domestic,Captain Lee,Bombardier CRJ,103,6,8,1.81,40
2026-07-01,2026-07-02,Warriors,Suns,International,Captain Cruz,Airbus A320,50,6,8,1.06,48
2026-07-02,2026-07-03,Bulls,Nets,Domestic,Captain Smith,Bombardier CRJ,68,5,11,3.8,90
2026-07-03,2026-07-04,Celtics,Nets,International,Captain Smith,Boeing 737,51,19,12,3.64,48
2026-07-04,2026-07-05,Bulls,Raptors,International,Captain Smith,Bombardier CRJ,102,9,11,4.6,75
2026-07-05,2026-07-06,Bulls,Nets,Domestic,Captain Reyes,Boeing 737,93,8,3,5.45,70
2026-07-06,2026-07-07,Lakers,Suns,Domestic,Captain Cruz,Airbus A320,81,15,3,1.4,2
2026-07-07,2026-07-08,Celtics,Nets,Domestic,Captain Lee,Bombardier CRJ,119,14,2,4.66,9
2026-07-08,2026-07-09,Heat,Suns,Domestic,Captain Lee,Embraer 190,81,19,11,1.94,97
2026-07-09,2026-07-10,Lakers,Spurs,International,Captain Smith,Embraer 190,117,6,9,5.29,88
2026-07-10,2026-07-11,Heat,Suns,Domestic,Captain Cruz,Embraer 190,104,7,9,5.1,34
2026-07-11,2026-07-12,Warriors,Knicks,International,Captain Cruz,Bombardier CRJ,124,11,2,3.7,79
2026-07-12,2026-07-13,Heat,Knicks,International,Captain Cruz,Bombardier CRJ,105,11,13,4.55,1
2026-07-13,2026-07-14,Bulls,Knicks,International,Captain Tan,Bombardier CRJ,66,16,12,2.57,23
2026-07-14,2026-07-15,Heat,Raptors,International,Captain Tan,Boeing 737,87,8,9,3.36,73
2026-07-15,2026-07-16,Lakers,Raptors,International,Captain Smith,Airbus A320,73,9,10,5.11,37
2026-07-16,2026-07-17,Lakers,Raptors,Domestic,Captain Cruz,Embraer 190,118,9,5,3.3,21
2026-07-17,2026-07-18,Heat,Suns,International,Captain Cruz,Boeing 737,119,10,2,2.79,25
2026-07-18,2026-07-19,Lakers,Raptors,International,Captain Lee,Embraer 190,60,18,2,3.47,42
2026-07-19,2026-07-20,Lakers,Spurs,Domestic,Captain Lee,Boeing 737,65,13,4,5.14,54
2026-07-20,2026-07-21,Heat,Knicks,Domestic,Captain Smith,Bombardier CRJ,122,6,6,2.68,38
2026-07-21,2026-07-22,Celtics,Suns,International,Captain Cruz,Embraer 190,108,9,6,1.87,90
2026-07-22,2026-07-23,Celtics,Knicks,International,Captain Smith,Bombardier CRJ,119,16,10,4.56,28
2026-07-23,2026-07-24,Warriors,Raptors,Domestic,Captain Lee,Embraer 190,129,7,11,5.13,110
2026-07-24,2026-07-25,Lakers,Suns,International,Captain Lee,Boeing 747,52,8,13,1.5,101
2026-07-25,2026-07-26,Heat,Nets,Domestic,Captain Tan,Boeing 737,69,14,3,2.2,19
2026-07-26,2026-07-27,Lakers,Spurs,Domestic,Captain Smith,Boeing 747,108,10,3,1.71,90
2026-07-27,2026-07-28,Bulls,Raptors,International,Captain Smith,Boeing 737,85,16,7,2.74,40
2026-07-28,2026-07-29,Lakers,Raptors,Domestic,Captain Cruz,Airbus A320,68,12,10,3.25,53
2026-07-29,2026-07-30,Lakers,Spurs,International,Captain Cruz,Embraer 190,116,5,2,4.74,19
2026-07-30,2026-07-31,Celtics,Spurs,International,Captain Tan,Airbus A320,68,14,10,4.26,107
2026-07-31,2026-08-01,Heat,Nets,International,Captain Reyes,Airbus A320,69,18,10,4.1,18
2026-08-01,2026-08-02,Lakers,Raptors,Domestic,Captain Reyes,Boeing 737,120,12,14,2.76,83
2026-08-02,2026-08-03,Celtics,Raptors,International,Captain Reyes,Boeing 747,101,15,10,5.21,98
2026-08-03,2026-08-04,Warriors,Knicks,Domestic,Captain Smith,Bombardier CRJ,82,18,6,3.36,110
2026-08-04,2026-08-05,Celtics,Suns,International,Captain Smith,Boeing 737,89,11,14,5.9,65
2026-08-05,2026-08-06,Celtics,Suns,International,Captain Lee,Bombardier CRJ,88,5,10,4.17,29
2026-08-06,2026-08-07,Celtics,Knicks,Domestic,Captain Smith,Airbus A320,50,6,12,1.63,52
2026-08-07,2026-08-08,Lakers,Suns,International,Captain Smith,Bombardier CRJ,60,7,5,4.38,33
2026-08-08,2026-08-09,Lakers,Spurs,International,Captain Smith,Boeing 747,106,5,3,2.63,21
2026-08-09,2026-08-10,Warriors,Suns,Domestic,Captain Tan,Boeing 737,99,18,14,4.43,66
2026-08-10,2026-08-11,Bulls,Suns,Domestic,Captain Smith,Boeing 747,72,13,7,1.35,5
2026-08-11,2026-08-12,Bulls,Knicks,Domestic,Captain Cruz,Boeing 747,80,12,5,1.87,78
2026-08-12,2026-08-13,Bulls,Nets,International,Captain Cruz,Boeing 737,91,6,7,5.28,26
2026-08-13,2026-08-14,Warriors,Suns,Domestic,Captain Lee,Boeing 747,56,17,4,2.14,9
2026-08-14,2026-08-15,Bulls,Suns,Domestic,Captain Tan,Embraer 190,65,13,7,5.19,72
2026-08-15,2026-08-16,Bulls,Nets,International,Captain Cruz,Embraer 190,109,11,3,2.4,96
2026-08-16,2026-08-17,Celtics,Knicks,Domestic,Captain Tan,Embraer 190,51,13,3,4.21,95
2026-08-17,2026-08-18,Lakers,Nets,International,Captain Tan,Bombardier CRJ,50,10,14,4.47,47
2026-08-18,2026-08-19,Lakers,Knicks,International,Captain Lee,Boeing 747,97,10,10,3.56,69
2026-08-19,2026-08-20,Celtics,Spurs,Domestic,Captain Tan,Boeing 737,61,15,8,2.53,104
2026-08-20,2026-08-21,Celtics,Knicks,International,Captain Smith,Boeing 737,118,18,4,2.06,58
2026-08-21,2026-08-22,Celtics,Spurs,Domestic,Captain Tan,Bombardier CRJ,86,8,14,1.17,99
2026-08-22,2026-08-23,Lakers,Spurs,Domestic,Captain Lee,Boeing 737,81,14,12,2.52,58
2026-08-23,2026-08-24,Bulls,Knicks,Domestic,Captain Lee,Embraer 190,58,14,2,4.27,1
2026-08-24,2026-08-25,Celtics,Raptors,Domestic,Captain Lee,Boeing 747,68,17,9,5.69,28
2026-08-25,2026-08-26,Warriors,Knicks,International,Captain Cruz,Boeing 737,97,17,7,5.36,67
2026-08-26,2026-08-27,Celtics,Suns,International,Captain Smith,Boeing 737,129,6,8,4.83,64
2026-08-27,2026-08-28,Heat,Suns,Domestic,Captain Cruz,Airbus A320,52,11,10,4.94,82
2026-08-28,2026-08-29,Celtics,Raptors,Domestic,Captain Reyes,Airbus A320,69,9,6,4.32,25
2026-08-29,2026-08-30,Lakers,Spurs,International,Captain Smith,Airbus A320,73,15,2,2.3,88
2026-08-30,2026-08-31,Celtics,Raptors,Domestic,Captain Tan,Boeing 747,103,10,13,5.54,9
2026-08-31,2026-09-01,Heat,Suns,International,Captain Lee,Embraer 190,82,6,11,4.35,52
2026-09-01,2026-09-02,Warriors,Raptors,Domestic,Captain Reyes,Embraer 190,73,9,8,3.8,78
2026-09-02,2026-09-03,Bulls,Knicks,International,Captain Smith,Embraer 190,124,14,6,1.55,58
2026-09-03,2026-09-04,Celtics,Raptors,International,Captain Cruz,Boeing 747,121,8,4,3.24,21
2026-09-04,2026-09-05,Heat,Spurs,International,Captain Lee,Boeing 747,85,13,13,3.3,50
2026-09-05,2026-09-06,Heat,Knicks,Domestic,Captain Cruz,Airbus A320,87,10,14,5.32,47
2026-09-06,2026-09-07,Warriors,Nets,Domestic,Captain Smith,Boeing 737,74,6,10,3.73,20
2026-09-07,2026-09-08,Lakers,Suns,Domestic,Captain Smith,Bombardier CRJ,67,5,2,2.9,119
2026-09-08,2026-09-09,Celtics,Suns,Domestic,Captain Reyes,Bombardier CRJ,115,9,2,5.88,21
2026-09-09,2026-09-10,Heat,Raptors,Domestic,Captain Tan,Boeing 737,103,13,2,1.55,99
2026-09-10,2026-09-11,Warriors,Knicks,International,Captain Cruz,Airbus A320,84,10,4,3.11,97
2026-09-11,2026-09-12,Bulls,Nets,International,Captain Reyes,Boeing 737,129,14,13,1.21,29
2026-09-12,2026-09-13,Heat,Knicks,International,Captain Lee,Boeing 737,110,16,7,4.7,24
2026-09-13,2026-09-14,Warriors,Suns,International,Captain Tan,Bombardier CRJ,90,11,11,5.59,108
2026-09-14,2026-09-15,Lakers,Knicks,International,Captain Reyes,Airbus A320,82,9,12,2.4,27
2026-09-15,2026-09-16,Lakers,Nets,International,Captain Cruz,Boeing 747,117,14,4,5.29,64
2026-09-16,2026-09-17,Heat,Raptors,International,Captain Smith,Bombardier CRJ,82,10,9,2.46,112
2026-09-17,2026-09-18,Heat,Spurs,Domestic,Captain Lee,Boeing 747,63,9,11,5.55,44
2026-09-18,2026-09-19,Celtics,Knicks,International,Captain Cruz,Airbus A320,70,15,3,4.77,67
2026-09-19,2026-09-20,Warriors,Spurs,Domestic,Captain Tan,Boeing 737,97,13,10,5.02,6
2026-09-20,2026-09-21,Heat,Suns,International,Captain Tan,Embraer 190,69,19,4,1.09,48
2026-09-21,2026-09-22,Celtics,Raptors,International,Captain Smith,Embraer 190,57,10,6,5.81,8
2026-09-22,2026-09-23,Celtics,Raptors,Domestic,Captain Smith,Airbus A320,56,15,11,4.63,35
2026-09-23,2026-09-24,Heat,Knicks,International,Captain Lee,Embraer 190,116,12,9,2.52,82
2026-09-24,2026-09-25,Lakers,Raptors,Domestic,Captain Lee,Boeing 747,66,6,3,5.15,0
2026-09-25,2026-09-26,Warriors,Knicks,International,Captain Smith,Embraer 190,82,16,7,2.41,9
2026-09-26,2026-09-27,Warriors,Knicks,Domestic,Captain Smith,Airbus A320,97,17,13,5.36,35
2026-09-27,2026-09-28,Lakers,Spurs,International,Captain Tan,Airbus A320,125,13,6,1.56,72
2026-09-28,2026-09-29,Heat,Raptors,Domestic,Captain Smith,Boeing 747,108,9,14,4.52,108
2026-09-29,2026-09-30,Warriors,Knicks,Domestic,Captain Reyes,Embraer 190,71,11,11,3.7,45
2026-09-30,2026-10-01,Heat,Spurs,International,Captain Cruz,Embraer 190,79,14,10,1.48,105
2026-10-01,2026-10-02,Heat,Nets,International,Captain Smith,Boeing 737,87,17,13,2.21,31
2026-10-02,2026-10-03,Celtics,Spurs,Domestic,Captain Lee,Bombardier CRJ,100,5,6,1.06,31
2026-10-03,2026-10-04,Lakers,Spurs,International,Captain Reyes,Airbus A320,103,14,3,3.34,5
2026-10-04,2026-10-05,Heat,Knicks,Domestic,Captain Lee,Boeing 737,57,9,6,2.51,47
2026-10-05,2026-10-06,Bulls,Suns,International,Captain Reyes,Airbus A320,76,16,13,3.99,37
2026-10-06,2026-10-07,Lakers,Suns,Domestic,Captain Smith,Boeing 737,76,18,5,2.49,16
2026-10-07,2026-10-08,Warriors,Suns,International,Captain Cruz,Bombardier CRJ,70,14,12,2.5,73
2026-10-08,2026-10-09,Celtics,Spurs,Domestic,Captain Lee,Boeing 737,79,18,8,4.72,113
2026-10-09,2026-10-10,Warriors,Knicks,International,Captain Reyes,Airbus A320,77,6,7,1.24,26
2026-10-10,2026-10-11,Warriors,Raptors,Domestic,Captain Tan,Embraer 190,113,16,3,5.51,53
2026-10-11,2026-10-12,Lakers,Spurs,Domestic,Captain Smith,Airbus A320,118,10,13,5.26,49
2026-10-12,2026-10-13,Warriors,Spurs,International,Captain Cruz,Boeing 747,110,15,12,4.34,34
2026-10-13,2026-10-14,Heat,Knicks,International,Captain Smith,Boeing 747,97,5,12,3.97,115
2026-10-14,2026-10-15,Warriors,Nets,Domestic,Captain Tan,Boeing 747,68,7,14,5.46,84
2026-10-15,2026-10-16,Celtics,Spurs,Domestic,Captain Cruz,Boeing 747,53,9,6,1.93,24
2026-10-16,2026-10-17,Celtics,Nets,Domestic,Captain Tan,Bombardier CRJ,84,8,8,1.39,27
2026-10-17,2026-10-18,Bulls,Nets,Domestic,Captain Smith,Embraer 190,113,7,12,2.2,110
2026-10-18,2026-10-19,Celtics,Suns,International,Captain Reyes,Embraer 190,98,14,8,4.97,14
2026-10-19,2026-10-20,Warriors,Knicks,Domestic,Captain Smith,Airbus A320,66,17,6,1.17,3
2026-10-20,2026-10-21,Celtics,Nets,Domestic,Captain Smith,Boeing 737,93,9,13,3.91,92
2026-10-21,2026-10-22,Lakers,Knicks,Domestic,Captain Smith,Airbus A320,79,15,10,5.98,72
2026-10-22,2026-10-23,Celtics,Suns,International,Captain Lee,Airbus A320,95,12,5,5.28,26
2026-10-23,2026-10-24,Heat,Knicks,Domestic,Captain Tan,Airbus A320,55,15,12,3.61,25
2026-10-24,2026-10-25,Lakers,Spurs,International,Captain Tan,Airbus A320,86,8,4,1.32,18
2026-10-25,2026-10-26,Bulls,Nets,International,Captain Tan,Embraer 190,73,5,5,5.16,119
2026-10-26,2026-10-27,Heat,Knicks,International,Captain Lee,Boeing 737,95,15,6,3.99,91
2026-10-27,2026-10-28,Warriors,Raptors,International,Captain Reyes,Airbus A320,102,11,14,1.57,16
2026-10-28,2026-10-29,Warriors,Knicks,International,Captain Smith,Embraer 190,109,12,7,1.47,42
2026-10-29,2026-10-30,Warriors,Nets,International,Captain Reyes,Airbus A320,112,7,4,5.55,40
2026-10-30,2026-10-31,Heat,Suns,International,Captain Lee,Boeing 747,81,10,3,4.35,41
2026-10-31,2026-11-01,Heat,Suns,Domestic,Captain Tan,Airbus A320,82,6,14,5.15,49
2026-11-01,2026-11-02,Heat,Nets,Domestic,Captain Smith,Airbus A320,116,11,5,5.39,83
2026-11-02,2026-11-03,Lakers,Spurs,International,Captain Cruz,Bombardier CRJ,67,19,6,3.86,108
2026-11-03,2026-11-04,Lakers,Spurs,Domestic,Captain Cruz,Boeing 747,74,12,5,3.59,39
2026-11-04,2026-11-05,Warriors,Suns,Domestic,Captain Reyes,Boeing 737,103,10,12,3.15,38
2026-11-05,2026-11-06,Celtics,Suns,International,Captain Tan,Airbus A320,107,10,14,2.58,112
2026-11-06,2026-11-07,Warriors,Nets,Domestic,Captain Cruz,Boeing 737,116,9,13,3.17,116
2026-11-07,2026-11-08,Bulls,Spurs,International,Captain Reyes,Boeing 747,95,12,4,4.87,22
2026-11-08,2026-11-09,Lakers,Suns,Domestic,Captain Lee,Airbus A320,73,5,9,4.01,110
2026-11-09,2026-11-10,Heat,Spurs,International,Captain Reyes,Bombardier CRJ,81,14,11,5.46,95
2026-11-10,2026-11-11,Lakers,Suns,International,Captain Reyes,Embraer 190,96,8,5,3.22,51
2026-11-11,2026-11-12,Heat,Knicks,Domestic,Captain Reyes,Bombardier CRJ,72,19,3,4.04,46
2026-11-12,2026-11-13,Bulls,Raptors,Domestic,Captain Smith,Bombardier CRJ,115,8,3,4.16,62
2026-11-13,2026-11-14,Bulls,Knicks,International,Captain Reyes,Embraer 190,76,7,2,3.96,96
2026-11-14,2026-11-15,Lakers,Suns,International,Captain Reyes,Embraer 190,51,7,14,4.51,109
2026-11-15,2026-11-16,Heat,Raptors,International,Captain Smith,Embraer 190,66,8,5,2.19,68
2026-11-16,2026-11-17,Bulls,Raptors,Domestic,Captain Smith,Airbus A320,82,15,11,3.56,42
2026-11-17,2026-11-18,Warriors,Suns,Domestic,Captain Lee,Boeing 737,58,5,10,1.52,47
2026-11-18,2026-11-19,Warriors,Suns,Domestic,Captain Tan,Boeing 737,92,18,12,2.92,33
2026-11-19,2026-11-20,Heat,Spurs,Domestic,Captain Cruz,Embraer 190,97,15,8,3.44,39
2026-11-20,2026-11-21,Lakers,Suns,International,Captain Cruz,Bombardier CRJ,88,17,13,4.26,74
2026-11-21,2026-11-22,Bulls,Nets,International,Captain Reyes,Boeing 747,91,15,11,5.75,60
2026-11-22,2026-11-23,Lakers,Suns,International,Captain Lee,Embraer 190,75,6,8,4.0,49
2026-11-23,2026-11-24,Warriors,Nets,International,Captain Reyes,Bombardier CRJ,99,13,14,4.72,66
2026-11-24,2026-11-25,Bulls,Suns,Domestic,Captain Cruz,Bombardier CRJ,74,14,8,3.53,61
2026-11-25,2026-11-26,Lakers,Spurs,International,Captain Smith,Airbus A320,73,6,9,4.17,57
2026-11-26,2026-11-27,Celtics,Nets,International,Captain Tan,Airbus A320,62,9,2,1.35,32
2026-11-27,2026-11-28,Heat,Knicks,Domestic,Captain Lee,Boeing 737,109,13,11,2.27,74
2026-11-28,2026-11-29,Heat,Nets,Domestic,Captain Smith,Boeing 737,56,13,14,2.81,15
2026-11-29,2026-11-30,Celtics,Spurs,International,Captain Tan,Boeing 747,106,12,11,3.36,81
2026-11-30,2026-12-01,Warriors,Nets,Domestic,Captain Lee,Boeing 747,85,5,9,1.23,93
2026-12-01,2026-12-02,Bulls,Suns,International,Captain Lee,Boeing 747,94,5,5,1.7,47
2026-12-02,2026-12-03,Heat,Suns,Domestic,Captain Cruz,Boeing 747,69,13,5,2.38,118
2026-12-03,2026-12-04,Celtics,Spurs,Domestic,Captain Smith,Bombardier CRJ,114,17,5,5.86,9
2026-12-04,2026-12-05,Celtics,Raptors,International,Captain Lee,Bombardier CRJ,57,15,7,2.66,81
2026-12-05,2026-12-06,Warriors,Suns,Domestic,Captain Lee,Boeing 737,65,12,8,3.41,37
2026-12-06,2026-12-07,Warriors,Knicks,International,Captain Tan,Airbus A320,63,14,7,1.98,18
2026-12-07,2026-12-08,Lakers,Spurs,Domestic,Captain Cruz,Airbus A320,125,13,2,4.05,35
2026-12-08,2026-12-09,Heat,Nets,Domestic,Captain Reyes,Embraer 190,64,11,13,2.4,58
2026-12-09,2026-12-10,Lakers,Nets,Domestic,Captain Cruz,Bombardier CRJ,115,7,9,2.03,62
2026-12-10,2026-12-11,Celtics,Knicks,Domestic,Captain Reyes,Boeing 747,81,7,14,3.58,76
2026-12-11,2026-12-12,Bulls,Suns,Domestic,Captain Smith,Boeing 747,112,6,11,1.03,119
2026-12-12,2026-12-13,Bulls,Spurs,International,Captain Smith,Embraer 190,100,9,12,1.04,45
2026-12-13,2026-12-14,Warriors,Knicks,Domestic,Captain Lee,Airbus A320,74,16,14,2.1,2
2026-12-14,2026-12-15,Bulls,Suns,International,Captain Smith,Boeing 747,107,16,8,1.18,73
2026-12-15,2026-12-16,Bulls,Spurs,Domestic,Captain Lee,Airbus A320,112,7,7,1.54,101
2026-12-16,2026-12-17,Bulls,Nets,International,Captain Cruz,Embraer 190,111,18,7,2.69,64
2026-12-17,2026-12-18,Celtics,Spurs,Domestic,Captain Smith,Airbus A320,71,10,6,5.01,118
2026-12-18,2026-12-19,Bulls,Raptors,International,Captain Cruz,Airbus A320,107,6,7,3.86,119
2026-12-19,2026-12-20,Bulls,Spurs,International,Captain Cruz,Airbus A320,107,16,13,3.56,90
2026-12-20,2026-12-21,Bulls,Raptors,Domestic,Captain Smith,Boeing 747,98,7,10,2.47,109
2026-12-21,2026-12-22,Lakers,Spurs,Domestic,Captain Cruz,Boeing 737,101,9,11,5.66,7
2026-12-22,2026-12-23,Celtics,Raptors,Domestic,Captain Smith,Bombardier CRJ,91,16,10,2.99,50
2026-12-23,2026-12-24,Warriors,Nets,International,Captain Smith,Airbus A320,119,15,11,1.44,109
2026-12-24,2026-12-25,Lakers,Suns,International,Captain Smith,Airbus A320,64,15,9,4.09,105
2026-12-25,2026-12-26,Heat,Raptors,Domestic,Captain Reyes,Airbus A320,103,5,11,1.57,80
2026-12-26,2026-12-27,Celtics,Raptors,Domestic,Captain Cruz,Boeing 737,109,17,10,2.73,72
2026-12-27,2026-12-28,Celtics,Nets,International,Captain Tan,Embraer 190,57,5,14,3.54,5
2026-12-28,2026-12-29,Heat,Raptors,International,Captain Smith,Boeing 747,102,14,11,5.37,106
2026-12-29,2026-12-30,Heat,Knicks,Domestic,Captain Cruz,Boeing 737,109,13,9,3.47,88
2026-12-30,2026-12-31,Heat,Nets,International,Captain Lee,Airbus A320,54,11,9,4.51,38
2026-12-31,2027-01-01,Warriors,Knicks,Domestic,Captain Smith,Boeing 737,117,5,2,5.96,112
2027-01-01,2027-01-02,Bulls,Nets,Domestic,Captain Smith,Boeing 737,55,19,11,1.66,59
2027-01-02,2027-01-03,Celtics,Raptors,Domestic,Captain Tan,Boeing 737,96,16,12,2.37,27
2027-01-03,2027-01-04,Bulls,Knicks,International,Captain Reyes,Embraer 190,104,18,6,2.97,96
2027-01-04,2027-01-05,Bulls,Raptors,International,Captain Reyes,Bombardier CRJ,89,12,5,3.11,53
2027-01-05,2027-01-06,Heat,Nets,International,Captain Smith,Boeing 747,101,7,3,3.06,36
2027-01-06,2027-01-07,Warriors,Raptors,International,Captain Cruz,Embraer 190,65,12,9,5.54,8
2027-01-07,2027-01-08,Lakers,Knicks,Domestic,Captain Lee,Embraer 190,62,19,4,4.57,81
2027-01-08,2027-01-09,Warriors,Knicks,International,Captain Lee,Bombardier CRJ,79,9,5,4.04,55
2027-01-09,2027-01-10,Bulls,Raptors,Domestic,Captain Cruz,Embraer 190,68,5,13,2.55,58
2027-01-10,2027-01-11,Warriors,Spurs,Domestic,Captain Smith,Boeing 737,66,11,8,5.12,84
2027-01-11,2027-01-12,Heat,Nets,Domestic,Captain Lee,Boeing 737,112,9,11,5.78,1
2027-01-12,2027-01-13,Lakers,Nets,International,Captain Reyes,Airbus A320,68,10,10,5.11,60
2027-01-13,2027-01-14,Heat,Raptors,Domestic,Captain Cruz,Embraer 190,107,10,3,1.01,57
2027-01-14,2027-01-15,Lakers,Spurs,Domestic,Captain Tan,Airbus A320,104,12,4,4.18,106
2027-01-15,2027-01-16,Bulls,Knicks,International,Captain Smith,Boeing 747,111,13,5,1.26,59
2027-01-16,2027-01-17,Lakers,Suns,Domestic,Captain Cruz,Boeing 737,72,6,11,2.29,101
2027-01-17,2027-01-18,Lakers,Suns,International,Captain Lee,Boeing 747,58,13,2,1.3,39
2027-01-18,2027-01-19,Lakers,Raptors,International,Captain Smith,Bombardier CRJ,61,16,8,4.02,35
2027-01-19,2027-01-20,Warriors,Spurs,International,Captain Reyes,Boeing 737,50,19,3,4.43,113
2027-01-20,2027-01-21,Warriors,Spurs,Domestic,Captain Smith,Boeing 747,107,15,6,1.57,106
2027-01-21,2027-01-22,Bulls,Nets,International,Captain Smith,Bombardier CRJ,50,14,2,2.92,36
2027-01-22,2027-01-23,Lakers,Knicks,International,Captain Reyes,Boeing 747,83,13,4,3.28,78
2027-01-23,2027-01-24,Celtics,Spurs,International,Captain Reyes,Bombardier CRJ,97,17,13,2.85,91
2027-01-24,2027-01-25,Bulls,Suns,International,Captain Smith,Bombardier CRJ,50,14,3,1.61,17
2027-01-25,2027-01-26,Lakers,Knicks,Domestic,Captain Reyes,Boeing 737,65,19,2,3.09,97
2027-01-26,2027-01-27,Lakers,Knicks,International,Captain Cruz,Airbus A320,110,14,8,4.76,62
2027-01-27,2027-01-28,Warriors,Raptors,Domestic,Captain Reyes,Bombardier CRJ,113,11,6,1.36,21
2027-01-28,2027-01-29,Bulls,Spurs,International,Captain Reyes,Bombardier CRJ,112,5,2,1.4,10
2027-01-29,2027-01-30,Lakers,Raptors,Domestic,Captain Smith,Boeing 737,118,11,7,2.77,57
2027-01-30,2027-01-31,Lakers,Spurs,International,Captain Cruz,Airbus A320,71,14,6,5.71,56
2027-01-31,2027-02-01,Bulls,Nets,Domestic,Captain Tan,Embraer 190,116,9,4,4.34,76
2027-02-01,2027-02-02,Celtics,Raptors,International,Captain Tan,Embraer 190,125,10,13,4.39,3
2027-02-02,2027-02-03,Bulls,Raptors,Domestic,Captain Lee,Airbus A320,75,14,8,2.81,85
2027-02-03,2027-02-04,Bulls,Suns,Domestic,Captain Reyes,Boeing 747,65,11,12,3.97,6
2027-02-04,2027-02-05,Celtics,Raptors,Domestic,Captain Reyes,Boeing 737,100,18,11,1.05,60
2027-02-05,2027-02-06,Bulls,Spurs,International,Captain Cruz,Airbus A320,106,19,10,4.18,106
2027-02-06,2027-02-07,Lakers,Suns,Domestic,Captain Tan,Embraer 190,78,9,14,5.57,53
2027-02-07,2027-02-08,Bulls,Raptors,Domestic,Captain Lee,Bombardier CRJ,127,11,14,4.06,87
2027-02-08,2027-02-09,Celtics,Raptors,Domestic,Captain Cruz,Embraer 190,118,13,10,5.37,67
2027-02-09,2027-02-10,Heat,Nets,Domestic,Captain Reyes,Bombardier CRJ,96,7,10,4.62,91
2027-02-10,2027-02-11,Bulls,Raptors,International,Captain Tan,Boeing 737,111,12,3,1.6,78
2027-02-11,2027-02-12,Warriors,Knicks,Domestic,Captain Lee,Bombardier CRJ,118,6,4,5.51,0
2027-02-12,2027-02-13,Lakers,Suns,Domestic,Captain Smith,Airbus A320,125,15,8,1.33,54
2027-02-13,2027-02-14,Lakers,Knicks,Domestic,Captain Tan,Bombardier CRJ,65,11,6,3.67,2
2027-02-14,2027-02-15,Warriors,Suns,International,Captain Lee,Boeing 747,97,17,3,1.71,77
2027-02-15,2027-02-16,Warriors,Nets,Domestic,Captain Cruz,Airbus A320,88,6,4,1.06,37
2027-02-16,2027-02-17,Bulls,Raptors,Domestic,Captain Smith,Boeing 737,82,19,11,3.11,113
2027-02-17,2027-02-18,Warriors,Raptors,Domestic,Captain Lee,Airbus A320,72,18,7,2.48,0
2027-02-18,2027-02-19,Heat,Raptors,Domestic,Captain Lee,Boeing 747,59,8,14,3.43,101
2027-02-19,2027-02-20,Celtics,Suns,International,Captain Reyes,Boeing 737,118,11,8,3.89,37
2027-02-20,2027-02-21,Warriors,Raptors,Domestic,Captain Tan,Embraer 190,83,7,10,1.22,84
2027-02-21,2027-02-22,Warriors,Knicks,Domestic,Captain Reyes,Boeing 747,101,6,2,1.62,111
2027-02-22,2027-02-23,Heat,Raptors,International,Captain Smith,Boeing 737,59,15,12,3.79,28
2027-02-23,2027-02-24,Lakers,Nets,International,Captain Lee,Bombardier CRJ,68,14,8,2.72,4
2027-02-24,2027-02-25,Lakers,Knicks,International,Captain Reyes,Airbus A320,107,11,9,4.65,112
2027-02-25,2027-02-26,Bulls,Raptors,Domestic,Captain Tan,Boeing 737,50,5,13,4.26,73
2027-02-26,2027-02-27,Heat,Raptors,International,Captain Smith,Airbus A320,118,18,4,5.23,91
2027-02-27,2027-02-28,Celtics,Spurs,Domestic,Captain Cruz,Bombardier CRJ,53,19,5,4.46,20
2027-02-28,2027-03-01,Celtics,Suns,International,Captain Reyes,Boeing 737,65,12,11,3.15,113
2027-03-01,2027-03-02,Heat,Knicks,Domestic,Captain Smith,Embraer 190,73,7,7,4.36,70
2027-03-02,2027-03-03,Celtics,Spurs,International,Captain Cruz,Boeing 747,129,16,11,2.38,66
2027-03-03,2027-03-04,Lakers,Nets,Domestic,Captain Reyes,Boeing 737,51,16,8,2.53,108
2027-03-04,2027-03-05,Celtics,Suns,International,Captain Smith,Bombardier CRJ,81,17,14,4.94,46
2027-03-05,2027-03-06,Celtics,Knicks,Domestic,Captain Smith,Boeing 737,73,6,5,3.23,83
2027-03-06,2027-03-07,Heat,Raptors,Domestic,Captain Reyes,Airbus A320,61,7,9,4.99,82
2027-03-07,2027-03-08,Heat,Knicks,Domestic,Captain Smith,Boeing 737,99,9,6,5.11,34
2027-03-08,2027-03-09,Celtics,Raptors,Domestic,Captain Lee,Embraer 190,84,15,2,5.29,67
2027-03-09,2027-03-10,Warriors,Suns,Domestic,Captain Reyes,Boeing 737,82,12,5,5.58,68
2027-03-10,2027-03-11,Heat,Raptors,Domestic,Captain Smith,Boeing 747,82,14,4,3.15,0
2027-03-11,2027-03-12,Bulls,Nets,Domestic,Captain Cruz,Boeing 737,110,11,10,2.59,67
2027-03-12,2027-03-13,Bulls,Raptors,Domestic,Captain Cruz,Airbus A320,100,11,9,3.91,11
2027-03-13,2027-03-14,Lakers,Nets,International,Captain Lee,Boeing 737,92,16,2,2.86,59
2027-03-14,2027-03-15,Celtics,Suns,Domestic,Captain Reyes,Embraer 190,61,11,12,4.01,26
2027-03-15,2027-03-16,Warriors,Suns,Domestic,Captain Smith,Bombardier CRJ,116,19,7,4.53,55
2027-03-16,2027-03-17,Lakers,Knicks,International,Captain Smith,Boeing 737,114,12,10,4.44,105
2027-03-17,2027-03-18,Celtics,Nets,Domestic,Captain Cruz,Boeing 737,82,5,8,2.87,22
2027-03-18,2027-03-19,Heat,Nets,International,Captain Lee,Boeing 747,89,8,5,1.83,24
2027-03-19,2027-03-20,Bulls,Spurs,Domestic,Captain Cruz,Embraer 190,123,17,14,3.15,20
2027-03-20,2027-03-21,Warriors,Spurs,International,Captain Cruz,Bombardier CRJ,92,10,2,1.71,60
2027-03-21,2027-03-22,Bulls,Spurs,International,Captain Lee,Airbus A320,93,13,13,5.45,62
2027-03-22,2027-03-23,Heat,Raptors,Domestic,Captain Reyes,Boeing 737,78,17,3,2.73,51
2027-03-23,2027-03-24,Celtics,Spurs,International,Captain Smith,Bombardier CRJ,62,6,13,1.77,87
2027-03-24,2027-03-25,Heat,Nets,Domestic,Captain Reyes,Airbus A320,61,5,6,1.13,24
2027-03-25,2027-03-26,Heat,Raptors,Domestic,Captain Tan,Embraer 190,95,17,13,4.23,108
2027-03-26,2027-03-27,Bulls,Suns,Domestic,Captain Tan,Embraer 190,51,14,12,4.18,54
2027-03-27,2027-03-28,Warriors,Knicks,Domestic,Captain Tan,Bombardier CRJ,84,16,6,2.7,45
2027-03-28,2027-03-29,Heat,Spurs,International,Captain Lee,Airbus A320,57,18,9,1.36,31
2027-03-29,2027-03-30,Bulls,Suns,Domestic,Captain Cruz,Embraer 190,75,6,7,3.05,54
2027-03-30,2027-03-31,Warriors,Nets,International,Captain Reyes,Bombardier CRJ,123,11,9,2.56,95
2027-03-31,2027-04-01,Celtics,Knicks,International,Captain Smith,Embraer 190,83,7,3,4.39,4
2027-04-01,2027-04-02,Celtics,Suns,Domestic,Captain Tan,Embraer 190,56,14,4,4.03,35
2027-04-02,2027-04-03,Lakers,Knicks,Domestic,Captain Reyes,Embraer 190,117,6,7,2.82,109
2027-04-03,2027-04-04,Bulls,Spurs,Domestic,Captain Tan,Boeing 747,107,18,13,2.09,105
2027-04-04,2027-04-05,Warriors,Nets,Domestic,Captain Tan,Airbus A320,124,15,14,5.94,48
2027-04-05,2027-04-06,Heat,Knicks,International,Captain Smith,Bombardier CRJ,78,11,11,3.27,105
2027-04-06,2027-04-07,Celtics,Suns,Domestic,Captain Lee,Bombardier CRJ,85,17,4,4.44,57
2027-04-07,2027-04-08,Warriors,Spurs,International,Captain Cruz,Airbus A320,70,17,7,1.7,38
2027-04-08,2027-04-09,Bulls,Spurs,Domestic,Captain Lee,Airbus A320,85,6,7,3.43,79
2027-04-09,2027-04-10,Lakers,Suns,Domestic,Captain Reyes,Airbus A320,59,7,3,1.14,96
2027-04-10,2027-04-11,Celtics,Suns,Domestic,Captain Lee,Airbus A320,122,15,8,3.53,112
2027-04-11,2027-04-12,Warriors,Knicks,Domestic,Captain Reyes,Boeing 737,73,11,13,5.82,84
2027-04-12,2027-04-13,Warriors,Raptors,International,Captain Reyes,Bombardier CRJ,113,18,3,2.92,60
2027-04-13,2027-04-14,Warriors,Spurs,International,Captain Cruz,Boeing 737,98,8,7,1.19,8
2027-04-14,2027-04-15,Bulls,Knicks,Domestic,Captain Smith,Embraer 190,85,17,2,1.15,5
2027-04-15,2027-04-16,Bulls,Suns,International,Captain Cruz,Embraer 190,73,18,4,2.94,114
2027-04-16,2027-04-17,Bulls,Knicks,International,Captain Lee,Bombardier CRJ,72,5,3,1.8,108
2027-04-17,2027-04-18,Heat,Suns,Domestic,Captain Reyes,Embraer 190,111,17,8,1.12,34
2027-04-18,2027-04-19,Warriors,Nets,Domestic,Captain Tan,Airbus A320,86,18,5,4.78,38
2027-04-19,2027-04-20,Celtics,Suns,International,Captain Tan,Boeing 737,61,9,9,3.29,21
2027-04-20,2027-04-21,Bulls,Suns,International,Captain Reyes,Airbus A320,104,16,7,2.45,40
2027-04-21,2027-04-22,Bulls,Suns,International,Captain Cruz,Embraer 190,62,13,13,5.5,117
2027-04-22,2027-04-23,Warriors,Raptors,International,Captain Smith,Boeing 737,72,12,11,1.58,4
2027-04-23,2027-04-24,Bulls,Suns,Domestic,Captain Cruz,Airbus A320,79,16,5,5.78,41
2027-04-24,2027-04-25,Heat,Spurs,Domestic,Captain Reyes,Bombardier CRJ,66,19,6,2.57,86
2027-04-25,2027-04-26,Heat,Spurs,International,Captain Reyes,Airbus A320,111,13,14,5.44,80
2027-04-26,2027-04-27,Bulls,Knicks,Domestic,Captain Smith,Embraer 190,62,14,14,4.01,75
2027-04-27,2027-04-28,Warriors,Raptors,International,Captain Lee,Boeing 737,108,18,10,5.13,86
2027-04-28,2027-04-29,Warriors,Knicks,International,Captain Lee,Bombardier CRJ,68,13,8,5.92,79
2027-04-29,2027-04-30,Warriors,Spurs,Domestic,Captain Smith,Boeing 737,98,19,11,2.44,66
2027-04-30,2027-05-01,Lakers,Spurs,International,Captain Lee,Bombardier CRJ,61,11,10,5.81,29
2027-05-01,2027-05-02,Bulls,Nets,International,Captain Tan,Boeing 737,110,8,8,2.95,56
2027-05-02,2027-05-03,Warriors,Suns,Domestic,Captain Lee,Embraer 190,68,9,13,2.93,85
2027-05-03,2027-05-04,Heat,Spurs,Domestic,Captain Lee,Bombardier CRJ,125,5,2,2.7,72
2027-05-04,2027-05-05,Celtics,Knicks,International,Captain Lee,Boeing 747,58,18,13,3.71,28
2027-05-05,2027-05-06,Celtics,Knicks,International,Captain Tan,Boeing 737,120,5,9,1.77,110
2027-05-06,2027-05-07,Warriors,Suns,Domestic,Captain Lee,Boeing 737,77,7,5,3.77,36
2027-05-07,2027-05-08,Celtics,Suns,International,Captain Tan,Airbus A320,127,17,4,3.71,86
2027-05-08,2027-05-09,Celtics,Nets,International,Captain Smith,Bombardier CRJ,101,18,14,4.81,12
2027-05-09,2027-05-10,Lakers,Raptors,Domestic,Captain Cruz,Boeing 747,65,12,8,5.17,31
2027-05-10,2027-05-11,Heat,Knicks,Domestic,Captain Smith,Embraer 190,118,18,13,3.2,45
2027-05-11,2027-05-12,Heat,Suns,Domestic,Captain Cruz,Airbus A320,61,6,4,2.51,115
2027-05-12,2027-05-13,Lakers,Knicks,Domestic,Captain Smith,Boeing 747,74,8,9,2.3,110
2027-05-13,2027-05-14,Lakers,Suns,Domestic,Captain Cruz,Bombardier CRJ,101,6,7,1.97,111
2027-05-14,2027-05-15,Celtics,Spurs,Domestic,Captain Cruz,Boeing 747,102,18,6,1.29,22
2027-05-15,2027-05-16,Bulls,Knicks,International,Captain Reyes,Boeing 737,72,9,5,2.71,44
2027-05-16,2027-05-17,Celtics,Spurs,International,Captain Cruz,Boeing 737,65,13,9,2.35,16
2027-05-17,2027-05-18,Lakers,Knicks,Domestic,Captain Cruz,Airbus A320,106,5,9,5.83,118
2027-05-18,2027-05-19,Heat,Raptors,Domestic,Captain Reyes,Bombardier CRJ,88,9,13,3.79,103
2027-05-19,2027-05-20,Celtics,Nets,International,Captain Lee,Bombardier CRJ,102,18,2,2.74,84
2027-05-20,2027-05-21,Bulls,Spurs,International,Captain Lee,Boeing 747,91,19,10,3.9,65
2027-05-21,2027-05-22,Celtics,Suns,International,Captain Reyes,Airbus A320,107,13,6,1.7,100
2027-05-22,2027-05-23,Warriors,Raptors,Domestic,Captain Tan,Bombardier CRJ,88,19,5,3.22,5
2027-05-23,2027-05-24,Celtics,Knicks,Domestic,Captain Cruz,Boeing 737,63,5,7,4.13,107
2027-05-24,2027-05-25,Lakers,Spurs,International,Captain Cruz,Boeing 747,54,13,7,3.44,17
2027-05-25,2027-05-26,Heat,Knicks,Domestic,Captain Reyes,Embraer 190,84,12,3,3.01,93
2027-05-26,2027-05-27,Heat,Knicks,Domestic,Captain Reyes,Boeing 737,124,8,9,5.97,21
2027-05-27,2027-05-28,Lakers,Knicks,Domestic,Captain Tan,Airbus A320,67,16,8,5.4,117
2027-05-28,2027-05-29,Warriors,Nets,International,Captain Lee,Bombardier CRJ,125,15,2,4.12,32
2027-05-29,2027-05-30,Lakers,Nets,International,Captain Smith,Boeing 737,58,14,6,3.85,29
2027-05-30,2027-05-31,Celtics,Suns,Domestic,Captain Lee,Embraer 190,123,9,13,4.1,80
2027-05-31,2027-06-01,Lakers,Spurs,Domestic,Captain Cruz,Embraer 190,107,17,7,2.01,106
2027-06-01,2027-06-02,Lakers,Raptors,Domestic,Captain Reyes,Airbus A320,66,9,5,2.98,31
2027-06-02,2027-06-03,Warriors,Raptors,Domestic,Captain Tan,Boeing 737,56,15,3,1.2,41
2027-06-03,2027-06-04,Celtics,Raptors,Domestic,Captain Lee,Boeing 747,95,16,14,3.38,114
2027-06-04,2027-06-05,Bulls,Knicks,International,Captain Tan,Boeing 737,62,10,5,3.72,77
2027-06-05,2027-06-06,Bulls,Nets,Domestic,Captain Lee,Embraer 190,89,11,2,2.14,9
2027-06-06,2027-06-07,Heat,Spurs,Domestic,Captain Cruz,Airbus A320,91,12,8,5.82,110
2027-06-07,2027-06-08,Lakers,Knicks,Domestic,Captain Smith,Airbus A320,58,19,3,5.55,114
2027-06-08,2027-06-09,Heat,Nets,International,Captain Tan,Boeing 747,99,18,14,4.61,35
2027-06-09,2027-06-10,Warriors,Nets,International,Captain Tan,Airbus A320,76,12,3,3.67,33
2027-06-10,2027-06-11,Bulls,Spurs,Domestic,Captain Smith,Airbus A320,115,15,10,5.35,72
2027-06-11,2027-06-12,Lakers,Spurs,International,Captain Tan,Airbus A320,54,18,6,1.65,105
2027-06-12,2027-06-13,Warriors,Spurs,International,Captain Tan,Airbus A320,78,17,3,4.95,27
2027-06-13,2027-06-14,Warriors,Knicks,International,Captain Lee,Airbus A320,86,6,12,1.62,10
2027-06-14,2027-06-15,Lakers,Suns,International,Captain Lee,Embraer 190,87,13,10,4.97,77
2027-06-15,2027-06-16,Warriors,Spurs,International,Captain Smith,Boeing 737,57,11,10,2.38,38
2027-06-16,2027-06-17,Lakers,Suns,International,Captain Cruz,Bombardier CRJ,114,8,2,5.39,118
2027-06-17,2027-06-18,Lakers,Knicks,Domestic,Captain Tan,Airbus A320,66,8,12,5.72,46
2027-06-18,2027-06-19,Celtics,Suns,International,Captain Cruz,Bombardier CRJ,120,15,4,1.74,117
2027-06-19,2027-06-20,Heat,Raptors,International,Captain Smith,Bombardier CRJ,94,12,5,3.31,18
2027-06-20,2027-06-21,Warriors,Suns,Domestic,Captain Smith,Embraer 190,53,8,8,5.9,117
2027-06-21,2027-06-22,Warriors,Spurs,Domestic,Captain Lee,Airbus A320,85,17,11,3.42,14
2027-06-22,2027-06-23,Celtics,Knicks,Domestic,Captain Tan,Bombardier CRJ,119,19,5,5.32,27
2027-06-23,2027-06-24,Celtics,Spurs,Domestic,Captain Reyes,Airbus A320,80,10,3,3.94,23
2027-06-24,2027-06-25,Celtics,Raptors,International,Captain Smith,Boeing 747,68,9,8,2.88,71
2027-06-25,2027-06-26,Bulls,Spurs,International,Captain Tan,Boeing 747,110,7,7,2.43,106
2027-06-26,2027-06-27,Bulls,Spurs,International,Captain Cruz,Boeing 747,103,17,4,2.02,8
2027-06-27,2027-06-28,Bulls,Spurs,International,Captain Lee,Bombardier CRJ,88,18,7,4.81,46
2027-06-28,2027-06-29,Lakers,Nets,Domestic,Captain Cruz,Boeing 747,123,14,12,2.93,32
2027-06-29,2027-06-30,Warriors,Raptors,International,Captain Smith,Embraer 190,68,15,7,3.56,61
2027-06-30,2027-07-01,Heat,Spurs,International,Captain Smith,Embraer 190,88,6,13,3.46,96
2027-07-01,2027-07-02,Lakers,Spurs,Domestic,Captain Cruz,Bombardier CRJ,116,13,6,3.89,18
2027-07-02,2027-07-03,Warriors,Spurs,International,Captain Smith,Airbus A320,94,14,5,5.33,66
2027-07-03,2027-07-04,Warriors,Knicks,International,Captain Tan,Boeing 737,62,13,11,5.9,73
2027-07-04,2027-07-05,Celtics,Nets,International,Captain Smith,Airbus A320,107,5,13,3.04,39
2027-07-05,2027-07-06,Celtics,Knicks,International,Captain Lee,Airbus A320,69,14,2,5.14,46
2027-07-06,2027-07-07,Lakers,Nets,Domestic,Captain Tan,Airbus A320,121,7,11,4.82,105
2027-07-07,2027-07-08,Celtics,Spurs,Domestic,Captain Reyes,Airbus A320,110,12,7,3.87,64
2027-07-08,2027-07-09,Warriors,Raptors,Domestic,Captain Smith,Boeing 737,88,10,3,5.78,28
2027-07-09,2027-07-10,Celtics,Suns,Domestic,Captain Smith,Boeing 747,50,9,14,2.0,49
2027-07-10,2027-07-11,Bulls,Suns,Domestic,Captain Lee,Airbus A320,52,9,4,1.55,97
2027-07-11,2027-07-12,Celtics,Spurs,International,Captain Lee,Embraer 190,126,10,9,5.27,114
2027-07-12,2027-07-13,Warriors,Knicks,International,Captain Cruz,Bombardier CRJ,111,19,11,3.2,12
2027-07-13,2027-07-14,Lakers,Raptors,Domestic,Captain Cruz,Bombardier CRJ,112,11,7,5.23,117
2027-07-14,2027-07-15,Heat,Nets,Domestic,Captain Cruz,Embraer 190,74,5,4,5.47,0
2027-07-15,2027-07-16,Celtics,Spurs,Domestic,Captain Lee,Airbus A320,105,13,8,1.31,33
2027-07-16,2027-07-17,Warriors,Raptors,International,Captain Cruz,Boeing 737,82,7,5,5.42,92
2027-07-17,2027-07-18,Heat,Raptors,Domestic,Captain Cruz,Boeing 747,87,8,10,3.24,47
2027-07-18,2027-07-19,Heat,Nets,International,Captain Reyes,Bombardier CRJ,55,14,6,3.55,110
2027-07-19,2027-07-20,Bulls,Raptors,International,Captain Cruz,Boeing 747,107,5,4,4.13,76
2027-07-20,2027-07-21,Heat,Knicks,International,Captain Smith,Boeing 737,93,17,3,5.63,47
2027-07-21,2027-07-22,Warriors,Knicks,International,Captain Lee,Bombardier CRJ,94,15,12,1.1,48
2027-07-22,2027-07-23,Warriors,Knicks,Domestic,Captain Tan,Boeing 747,81,14,3,3.38,116
2027-07-23,2027-07-24,Celtics,Raptors,International,Captain Reyes,Boeing 737,94,7,4,4.44,63
2027-07-24,2027-07-25,Celtics,Knicks,International,Captain Lee,Boeing 747,110,6,3,4.61,60
2027-07-25,2027-07-26,Celtics,Nets,Domestic,Captain Lee,Airbus A320,96,6,5,4.46,28
2027-07-26,2027-07-27,Heat,Raptors,International,Captain Smith,Boeing 737,70,18,3,1.67,38
2027-07-27,2027-07-28,Heat,Suns,International,Captain Cruz,Boeing 747,129,5,11,2.5,87
2027-07-28,2027-07-29,Bulls,Raptors,International,Captain Smith,Airbus A320,124,12,10,2.79,25
2027-07-29,2027-07-30,Celtics,Nets,Domestic,Captain Cruz,Airbus A320,85,7,3,5.02,16
2027-07-30,2027-07-31,Lakers,Suns,International,Captain Cruz,Boeing 737,68,7,10,2.39,70
2027-07-31,2027-08-01,Bulls,Raptors,International,Captain Lee,Embraer 190,69,10,14,2.05,12
2027-08-01,2027-08-02,Lakers,Knicks,Domestic,Captain Cruz,Bombardier CRJ,106,17,7,5.79,68
2027-08-02,2027-08-03,Heat,Spurs,Domestic,Captain Reyes,Boeing 737,67,12,2,1.04,25
2027-08-03,2027-08-04,Bulls,Spurs,International,Captain Reyes,Airbus A320,96,17,5,5.99,48
2027-08-04,2027-08-05,Bulls,Knicks,International,Captain Reyes,Airbus A320,98,19,2,4.38,66
2027-08-05,2027-08-06,Warriors,Spurs,Domestic,Captain Lee,Boeing 737,63,13,7,5.14,6
2027-08-06,2027-08-07,Heat,Spurs,International,Captain Smith,Embraer 190,64,13,14,2.47,57
2027-08-07,2027-08-08,Heat,Knicks,Domestic,Captain Tan,Bombardier CRJ,80,8,5,1.07,48
2027-08-08,2027-08-09,Bulls,Knicks,International,Captain Cruz,Boeing 747,50,18,4,4.69,102
2027-08-09,2027-08-10,Heat,Raptors,Domestic,Captain Tan,Boeing 737,103,9,4,5.17,52
2027-08-10,2027-08-11,Bulls,Raptors,International,Captain Smith,Bombardier CRJ,52,6,10,4.7,64
2027-08-11,2027-08-12,Warriors,Knicks,Domestic,Captain Smith,Bombardier CRJ,65,15,7,1.71,112
2027-08-12,2027-08-13,Bulls,Nets,Domestic,Captain Lee,Airbus A320,106,13,10,4.77,61
2027-08-13,2027-08-14,Heat,Spurs,Domestic,Captain Reyes,Boeing 747,124,12,14,4.84,16
2027-08-14,2027-08-15,Heat,Raptors,Domestic,Captain Reyes,Boeing 737,61,7,6,4.29,42
2027-08-15,2027-08-16,Bulls,Spurs,Domestic,Captain Smith,Airbus A320,123,15,3,4.83,24
2027-08-16,2027-08-17,Bulls,Suns,International,Captain Lee,Airbus A320,65,16,9,5.23,2
2027-08-17,2027-08-18,Bulls,Knicks,International,Captain Lee,Embraer 190,121,17,6,4.07,78
2027-08-18,2027-08-19,Celtics,Nets,Domestic,Captain Cruz,Bombardier CRJ,125,13,3,1.44,28
2027-08-19,2027-08-20,Heat,Suns,International,Captain Reyes,Boeing 737,73,7,5,3.44,116
2027-08-20,2027-08-21,Heat,Suns,International,Captain Smith,Boeing 737,77,13,10,1.39,106
2027-08-21,2027-08-22,Celtics,Suns,International,Captain Tan,Boeing 737,57,6,5,3.04,31
2027-08-22,2027-08-23,Bulls,Knicks,International,Captain Reyes,Airbus A320,85,16,14,3.04,25
2027-08-23,2027-08-24,Warriors,Raptors,International,Captain Cruz,Embraer 190,57,14,13,1.33,15
2027-08-24,2027-08-25,Bulls,Knicks,International,Captain Lee,Boeing 747,107,13,13,2.74,24
2027-08-25,2027-08-26,Bulls,Raptors,Domestic,Captain Smith,Airbus A320,109,19,13,1.55,53
2027-08-26,2027-08-27,Celtics,Suns,International,Captain Reyes,Boeing 747,99,12,14,5.04,27
2027-08-27,2027-08-28,Heat,Suns,International,Captain Tan,Embraer 190,77,13,5,5.74,72
2027-08-28,2027-08-29,Bulls,Nets,International,Captain Cruz,Bombardier CRJ,90,9,3,1.36,119
2027-08-29,2027-08-30,Heat,Raptors,Domestic,Captain Cruz,Boeing 737,113,15,14,5.78,55
2027-08-30,2027-08-31,Lakers,Suns,International,Captain Reyes,Boeing 747,76,15,13,3.61,64
2027-08-31,2027-09-01,Heat,Spurs,International,Captain Tan,Airbus A320,112,6,7,2.5,92
2027-09-01,2027-09-02,Warriors,Nets,International,Captain Cruz,Boeing 747,66,12,14,1.38,85
2027-09-02,2027-09-03,Warriors,Knicks,Domestic,Captain Smith,Bombardier CRJ,122,16,12,3.5,79
2027-09-03,2027-09-04,Bulls,Nets,International,Captain Cruz,Boeing 737,82,19,3,4.97,40
2027-09-04,2027-09-05,Heat,Spurs,Domestic,Captain Tan,Boeing 747,126,10,13,4.54,114
2027-09-05,2027-09-06,Bulls,Raptors,International,Captain Lee,Bombardier CRJ,78,12,8,1.25,107
2027-09-06,2027-09-07,Celtics,Knicks,Domestic,Captain Lee,Airbus A320,62,15,4,1.36,50
2027-09-07,2027-09-08,Warriors,Knicks,Domestic,Captain Reyes,Embraer 190,95,9,4,3.01,117
2027-09-08,2027-09-09,Bulls,Raptors,Domestic,Captain Tan,Airbus A320,84,14,6,2.48,104
2027-09-09,2027-09-10,Celtics,Nets,International,Captain Cruz,Boeing 737,55,6,4,2.16,70
2027-09-10,2027-09-11,Bulls,Suns,Domestic,Captain Cruz,Airbus A320,118,10,3,2.41,77
2027-09-11,2027-09-12,Heat,Nets,Domestic,Captain Lee,Airbus A320,96,9,11,5.02,28
2027-09-12,2027-09-13,Heat,Spurs,Domestic,Captain Lee,Airbus A320,74,16,10,5.65,82
2027-09-13,2027-09-14,Heat,Suns,Domestic,Captain Smith,Airbus A320,115,17,3,3.03,18
2027-09-14,2027-09-15,Heat,Nets,International,Captain Lee,Boeing 737,59,16,12,5.53,65
2027-09-15,2027-09-16,Lakers,Raptors,International,Captain Smith,Bombardier CRJ,105,9,3,2.61,40
2027-09-16,2027-09-17,Celtics,Spurs,International,Captain Cruz,Boeing 747,79,17,14,3.38,44
2027-09-17,2027-09-18,Celtics,Spurs,International,Captain Smith,Embraer 190,54,5,9,2.13,14
2027-09-18,2027-09-19,Heat,Spurs,Domestic,Captain Smith,Boeing 747,82,6,10,4.2,2
2027-09-19,2027-09-20,Lakers,Suns,International,Captain Reyes,Boeing 747,114,12,8,5.89,10
2027-09-20,2027-09-21,Heat,Knicks,Domestic,Captain Lee,Embraer 190,67,17,4,4.02,52
2027-09-21,2027-09-22,Lakers,Suns,International,Captain Smith,Boeing 737,98,18,10,2.79,45
2027-09-22,2027-09-23,Heat,Nets,International,Captain Cruz,Embraer 190,60,17,4,4.24,29
2027-09-23,2027-09-24,Warriors,Knicks,International,Captain Tan,Boeing 737,75,7,6,1.61,56
2027-09-24,2027-09-25,Warriors,Nets,Domestic,Captain Smith,Boeing 747,112,14,10,5.44,103
2027-09-25,2027-09-26,Bulls,Knicks,International,Captain Lee,Boeing 737,108,7,13,3.52,17
2027-09-26,2027-09-27,Heat,Suns,International,Captain Reyes,Bombardier CRJ,76,12,4,3.25,50
2027-09-27,2027-09-28,Celtics,Spurs,International,Captain Cruz,Embraer 190,98,12,8,3.93,47
2027-09-28,2027-09-29,Bulls,Raptors,Domestic,Captain Reyes,Bombardier CRJ,126,6,13,4.12,65
2027-09-29,2027-09-30,Warriors,Spurs,International,Captain Tan,Boeing 747,82,12,2,1.36,95
2027-09-30,2027-10-01,Heat,Suns,International,Captain Smith,Embraer 190,50,15,5,4.41,7
2027-10-01,2027-10-02,Bulls,Knicks,Domestic,Captain Smith,Boeing 747,70,17,5,2.21,21
2027-10-02,2027-10-03,Heat,Spurs,Domestic,Captain Lee,Bombardier CRJ,104,17,8,4.57,5
2027-10-03,2027-10-04,Warriors,Suns,International,Captain Smith,Boeing 747,55,5,9,5.11,75
2027-10-04,2027-10-05,Bulls,Nets,International,Captain Cruz,Embraer 190,118,10,2,5.02,110
2027-10-05,2027-10-06,Warriors,Raptors,International,Captain Tan,Embraer 190,54,12,6,3.76,56
2027-10-06,2027-10-07,Lakers,Spurs,Domestic,Captain Reyes,Boeing 747,52,7,8,3.6,103
2027-10-07,2027-10-08,Warriors,Knicks,Domestic,Captain Tan,Embraer 190,102,12,13,1.71,35
2027-10-08,2027-10-09,Heat,Nets,Domestic,Captain Smith,Embraer 190,72,16,5,4.88,78
2027-10-09,2027-10-10,Celtics,Suns,International,Captain Reyes,Boeing 747,102,5,14,2.36,91
2027-10-10,2027-10-11,Warriors,Raptors,Domestic,Captain Lee,Bombardier CRJ,86,15,5,3.48,115
2027-10-11,2027-10-12,Celtics,Knicks,International,Captain Tan,Embraer 190,123,15,5,2.42,56
2027-10-12,2027-10-13,Lakers,Suns,Domestic,Captain Reyes,Embraer 190,123,13,13,1.67,48
2027-10-13,2027-10-14,Bulls,Suns,Domestic,Captain Reyes,Embraer 190,66,17,7,4.15,44
2027-10-14,2027-10-15,Bulls,Spurs,Domestic,Captain Reyes,Embraer 190,127,15,8,1.27,81
2027-10-15,2027-10-16,Celtics,Spurs,International,Captain Cruz,Boeing 747,122,17,3,4.74,65
2027-10-16,2027-10-17,Bulls,Knicks,International,Captain Tan,Bombardier CRJ,50,13,6,2.59,76
2027-10-17,2027-10-18,Warriors,Suns,International,Captain Reyes,Bombardier CRJ,100,9,5,1.0,44
2027-10-18,2027-10-19,Celtics,Spurs,International,Captain Tan,Boeing 737,94,14,14,3.56,117
2027-10-19,2027-10-20,Heat,Raptors,Domestic,Captain Reyes,Embraer 190,126,8,4,1.23,78
2027-10-20,2027-10-21,Warriors,Raptors,International,Captain Lee,Embraer 190,53,19,8,2.38,19
2027-10-21,2027-10-22,Warriors,Suns,Domestic,Captain Lee,Boeing 737,111,15,12,4.53,63
2027-10-22,2027-10-23,Warriors,Spurs,International,Captain Lee,Bombardier CRJ,114,10,13,1.31,92
2027-10-23,2027-10-24,Heat,Knicks,International,Captain Smith,Airbus A320,81,16,7,5.2,105
2027-10-24,2027-10-25,Lakers,Knicks,Domestic,Captain Reyes,Airbus A320,83,11,8,1.02,92
2027-10-25,2027-10-26,Bulls,Knicks,Domestic,Captain Smith,Bombardier CRJ,121,9,6,2.23,66
2027-10-26,2027-10-27,Celtics,Raptors,International,Captain Tan,Embraer 190,88,15,14,4.7,82
2027-10-27,2027-10-28,Lakers,Spurs,International,Captain Smith,Airbus A320,75,17,7,2.58,2
2027-10-28,2027-10-29,Celtics,Spurs,Domestic,Captain Tan,Boeing 747,83,14,6,1.51,53
2027-10-29,2027-10-30,Bulls,Raptors,Domestic,Captain Tan,Boeing 747,103,13,8,2.8,77
2027-10-30,2027-10-31,Heat,Knicks,Domestic,Captain Tan,Boeing 737,52,7,3,2.35,63
2027-10-31,2027-11-01,Warriors,Knicks,Domestic,Captain Smith,Bombardier CRJ,99,19,12,5.21,39
2027-11-01,2027-11-02,Warriors,Suns,Domestic,Captain Reyes,Bombardier CRJ,61,11,6,2.57,58
2027-11-02,2027-11-03,Heat,Nets,International,Captain Smith,Airbus A320,114,14,7,4.94,54
2027-11-03,2027-11-04,Lakers,Spurs,International,Captain Reyes,Embraer 190,103,14,7,5.46,61
2027-11-04,2027-11-05,Lakers,Spurs,International,Captain Reyes,Bombardier CRJ,54,15,6,3.17,3
2027-11-05,2027-11-06,Celtics,Spurs,International,Captain Tan,Airbus A320,106,9,11,5.55,59
2027-11-06,2027-11-07,Heat,Nets,Domestic,Captain Smith,Airbus A320,66,18,8,2.89,115
2027-11-07,2027-11-08,Lakers,Suns,Domestic,Captain Reyes,Bombardier CRJ,96,11,11,5.82,74
2027-11-08,2027-11-09,Heat,Nets,Domestic,Captain Lee,Airbus A320,72,19,9,1.45,94
2027-11-09,2027-11-10,Bulls,Knicks,International,Captain Reyes,Boeing 737,128,6,8,4.44,106
2027-11-10,2027-11-11,Warriors,Knicks,Domestic,Captain Lee,Boeing 737,63,8,6,3.47,95
2027-11-11,2027-11-12,Warriors,Spurs,Domestic,Captain Smith,Bombardier CRJ,115,6,2,2.94,90
2027-11-12,2027-11-13,Warriors,Raptors,International,Captain Smith,Embraer 190,124,18,14,4.16,29
2027-11-13,2027-11-14,Heat,Spurs,International,Captain Smith,Boeing 737,100,17,6,4.52,106
2027-11-14,2027-11-15,Heat,Raptors,International,Captain Reyes,Boeing 737,87,17,11,1.02,1
2027-11-15,2027-11-16,Celtics,Nets,Domestic,Captain Cruz,Bombardier CRJ,113,16,3,1.83,61
2027-11-16,2027-11-17,Warriors,Knicks,Domestic,Captain Reyes,Boeing 747,87,11,14,4.57,48
2027-11-17,2027-11-18,Celtics,Raptors,International,Captain Reyes,Airbus A320,99,6,6,4.33,8
2027-11-18,2027-11-19,Warriors,Nets,International,Captain Tan,Boeing 737,79,17,6,5.83,91
2027-11-19,2027-11-20,Celtics,Knicks,Domestic,Captain Tan,Boeing 747,128,18,3,4.81,30
2027-11-20,2027-11-21,Celtics,Raptors,International,Captain Reyes,Embraer 190,100,15,6,5.75,97
2027-11-21,2027-11-22,Bulls,Spurs,Domestic,Captain Lee,Boeing 747,112,5,14,4.51,60
2027-11-22,2027-11-23,Celtics,Spurs,International,Captain Tan,Bombardier CRJ,101,13,5,2.49,119
2027-11-23,2027-11-24,Heat,Spurs,International,Captain Reyes,Embraer 190,87,5,2,1.53,78
2027-11-24,2027-11-25,Celtics,Nets,International,Captain Cruz,Embraer 190,128,12,4,4.91,47
2027-11-25,2027-11-26,Warriors,Spurs,Domestic,Captain Lee,Boeing 747,79,19,2,4.22,24
2027-11-26,2027-11-27,Celtics,Suns,Domestic,Captain Smith,Bombardier CRJ,100,6,13,1.24,35
2027-11-27,2027-11-28,Lakers,Knicks,International,Captain Reyes,Boeing 737,54,16,12,2.8,7
2027-11-28,2027-11-29,Warriors,Nets,Domestic,Captain Reyes,Boeing 747,78,12,6,5.78,72
2027-11-29,2027-11-30,Lakers,Spurs,International,Captain Lee,Boeing 737,53,17,5,3.5,57
2027-11-30,2027-12-01,Warriors,Knicks,International,Captain Tan,Boeing 747,59,7,8,3.16,100
2027-12-01,2027-12-02,Heat,Raptors,Domestic,Captain Tan,Boeing 737,105,10,6,3.29,111
2027-12-02,2027-12-03,Heat,Spurs,Domestic,Captain Tan,Boeing 747,66,7,11,2.04,44
2027-12-03,2027-12-04,Heat,Knicks,Domestic,Captain Smith,Embraer 190,123,18,5,2.84,61
2027-12-04,2027-12-05,Lakers,Suns,Domestic,Captain Lee,Airbus A320,66,11,3,2.85,38
2027-12-05,2027-12-06,Bulls,Raptors,International,Captain Lee,Embraer 190,118,14,5,1.26,95
2027-12-06,2027-12-07,Warriors,Suns,Domestic,Captain Tan,Boeing 737,83,13,13,4.84,57
2027-12-07,2027-12-08,Heat,Knicks,Domestic,Captain Tan,Bombardier CRJ,55,6,3,3.08,115
2027-12-08,2027-12-09,Warriors,Suns,International,Captain Cruz,Embraer 190,102,19,9,5.11,80
2027-12-09,2027-12-10,Lakers,Knicks,International,Captain Cruz,Airbus A320,115,16,4,5.25,98
2027-12-10,2027-12-11,Bulls,Knicks,International,Captain Reyes,Boeing 737,126,16,10,2.06,100
2027-12-11,2027-12-12,Lakers,Suns,International,Captain Reyes,Embraer 190,92,19,14,4.29,82
2027-12-12,2027-12-13,Warriors,Knicks,Domestic,Captain Lee,Boeing 747,124,18,5,3.36,63
2027-12-13,2027-12-14,Bulls,Spurs,Domestic,Captain Lee,Bombardier CRJ,72,9,14,5.4,43
2027-12-14,2027-12-15,Bulls,Knicks,International,Captain Smith,Boeing 737,104,17,7,2.08,28
2027-12-15,2027-12-16,Lakers,Nets,International,Captain Smith,Embraer 190,129,10,11,4.39,58
2027-12-16,2027-12-17,Heat,Knicks,Domestic,Captain Cruz,Boeing 737,124,8,6,4.04,70
2027-12-17,2027-12-18,Warriors,Nets,Domestic,Captain Reyes,Boeing 747,65,8,11,2.48,91
2027-12-18,2027-12-19,Celtics,Knicks,Domestic,Captain Cruz,Airbus A320,57,8,14,1.68,8
2027-12-19,2027-12-20,Celtics,Knicks,Domestic,Captain Cruz,Embraer 190,53,6,2,4.26,91
2027-12-20,2027-12-21,Lakers,Suns,Domestic,Captain Reyes,Boeing 737,53,8,10,4.69,5
2027-12-21,2027-12-22,Warriors,Spurs,International,Captain Smith,Boeing 737,105,15,2,2.58,28
2027-12-22,2027-12-23,Warriors,Spurs,International,Captain Reyes,Boeing 737,74,5,9,4.22,57
2027-12-23,2027-12-24,Lakers,Raptors,International,Captain Tan,Airbus A320,116,16,10,2.98,16
2027-12-24,2027-12-25,Warriors,Suns,International,Captain Tan,Boeing 737,116,10,10,4.57,15
2027-12-25,2027-12-26,Heat,Suns,Domestic,Captain Tan,Bombardier CRJ,76,5,2,2.0,86
2027-12-26,2027-12-27,Lakers,Spurs,International,Captain Lee,Bombardier CRJ,81,14,3,5.45,94
2027-12-27,2027-12-28,Heat,Suns,Domestic,Captain Smith,Boeing 737,99,10,13,2.44,2
2027-12-28,2027-12-29,Warriors,Spurs,Domestic,Captain Smith,Bombardier CRJ,110,5,14,2.84,20
2027-12-29,2027-12-30,Lakers,Suns,Domestic,Captain Lee,Embraer 190,100,10,2,1.29,63
2027-12-30,2027-12-31,Warriors,Knicks,Domestic,Captain Cruz,Bombardier CRJ,68,14,11,1.56,89
2027-12-31,2028-01-01,Lakers,Spurs,Domestic,Captain Tan,Boeing 737,70,12,3,3.58,35
2028-01-01,2028-01-02,Warriors,Spurs,Domestic,Captain Tan,Boeing 747,54,15,11,2.34,105
2028-01-02,2028-01-03,Heat,Nets,Domestic,Captain Cruz,Embraer 190,91,6,13,5.18,100
2028-01-03,2028-01-04,Heat,Suns,International,Captain Reyes,Airbus A320,110,6,9,1.07,116
2028-01-04,2028-01-05,Warriors,Suns,Domestic,Captain Reyes,Boeing 737,71,18,6,2.9,85
2028-01-05,2028-01-06,Lakers,Spurs,International,Captain Smith,Airbus A320,70,19,13,2.69,61
2028-01-06,2028-01-07,Celtics,Knicks,International,Captain Lee,Boeing 747,119,17,12,1.1,41
2028-01-07,2028-01-08,Heat,Knicks,Domestic,Captain Smith,Airbus A320,50,16,8,1.62,75
2028-01-08,2028-01-09,Heat,Knicks,Domestic,Captain Reyes,Boeing 737,54,8,3,3.07,41
2028-01-09,2028-01-10,Celtics,Suns,International,Captain Cruz,Boeing 737,61,15,9,3.46,60
2028-01-10,2028-01-11,Warriors,Nets,International,Captain Smith,Boeing 747,95,7,12,3.02,12
2028-01-11,2028-01-12,Lakers,Spurs,International,Captain Tan,Boeing 737,83,8,7,3.65,10
2028-01-12,2028-01-13,Warriors,Raptors,International,Captain Tan,Boeing 747,98,17,9,3.98,53
2028-01-13,2028-01-14,Bulls,Nets,Domestic,Captain Cruz,Boeing 747,127,16,2,1.05,15
2028-01-14,2028-01-15,Heat,Raptors,Domestic,Captain Reyes,Boeing 737,94,11,2,3.32,7
2028-01-15,2028-01-16,Bulls,Nets,Domestic,Captain Tan,Bombardier CRJ,76,17,13,5.82,103
2028-01-16,2028-01-17,Heat,Knicks,International,Captain Tan,Boeing 747,122,15,8,3.6,58
2028-01-17,2028-01-18,Heat,Suns,Domestic,Captain Lee,Boeing 737,75,5,9,4.39,56
2028-01-18,2028-01-19,Bulls,Raptors,International,Captain Smith,Bombardier CRJ,96,10,14,2.56,39
2028-01-19,2028-01-20,Bulls,Nets,Domestic,Captain Reyes,Boeing 747,105,19,4,4.87,108
2028-01-20,2028-01-21,Warriors,Suns,International,Captain Smith,Bombardier CRJ,112,19,6,4.86,58
2028-01-21,2028-01-22,Bulls,Raptors,Domestic,Captain Reyes,Embraer 190,97,7,13,3.61,1
2028-01-22,2028-01-23,Warriors,Spurs,Domestic,Captain Tan,Embraer 190,110,15,2,5.88,93
2028-01-23,2028-01-24,Warriors,Nets,International,Captain Lee,Bombardier CRJ,75,14,8,1.63,93
2028-01-24,2028-01-25,Warriors,Spurs,International,Captain Smith,Boeing 747,85,11,6,1.08,75
2028-01-25,2028-01-26,Heat,Knicks,International,Captain Tan,Boeing 737,50,14,9,4.85,9
2028-01-26,2028-01-27,Heat,Spurs,International,Captain Reyes,Airbus A320,57,6,14,5.04,43
2028-01-27,2028-01-28,Bulls,Spurs,International,Captain Smith,Boeing 737,101,18,9,1.6,10
2028-01-28,2028-01-29,Heat,Nets,Domestic,Captain Smith,Airbus A320,128,6,10,2.33,78
2028-01-29,2028-01-30,Bulls,Knicks,International,Captain Tan,Airbus A320,96,17,8,1.09,79
2028-01-30,2028-01-31,Heat,Spurs,Domestic,Captain Smith,Boeing 747,105,8,12,2.47,80
2028-01-31,2028-02-01,Lakers,Suns,Domestic,Captain Lee,Bombardier CRJ,63,5,2,4.87,89
2028-02-01,2028-02-02,Lakers,Raptors,Domestic,Captain Lee,Boeing 737,77,7,14,3.59,1
2028-02-02,2028-02-03,Bulls,Spurs,Domestic,Captain Tan,Bombardier CRJ,127,17,4,2.74,49
2028-02-03,2028-02-04,Heat,Knicks,Domestic,Captain Reyes,Embraer 190,51,13,9,2.86,11
2028-02-04,2028-02-05,Heat,Spurs,International,Captain Tan,Boeing 747,75,11,4,1.01,114
2028-02-05,2028-02-06,Warriors,Raptors,International,Captain Lee,Boeing 747,63,19,9,2.5,89
2028-02-06,2028-02-07,Celtics,Knicks,Domestic,Captain Cruz,Embraer 190,108,11,2,4.23,22
2028-02-07,2028-02-08,Bulls,Nets,Domestic,Captain Cruz,Boeing 737,105,17,6,5.87,17
2028-02-08,2028-02-09,Celtics,Knicks,International,Captain Smith,Embraer 190,56,17,5,5.24,61
2028-02-09,2028-02-10,Celtics,Nets,International,Captain Smith,Boeing 737,52,15,6,1.12,95
2028-02-10,2028-02-11,Bulls,Knicks,Domestic,Captain Cruz,Airbus A320,72,8,9,5.49,112
2028-02-11,2028-02-12,Heat,Raptors,International,Captain Lee,Boeing 747,67,6,11,4.92,61
2028-02-12,2028-02-13,Bulls,Raptors,International,Captain Smith,Boeing 737,87,19,5,4.9,37
2028-02-13,2028-02-14,Celtics,Knicks,International,Captain Tan,Bombardier CRJ,64,18,12,3.29,110
2028-02-14,2028-02-15,Heat,Spurs,Domestic,Captain Tan,Bombardier CRJ,113,8,5,2.99,66
2028-02-15,2028-02-16,Lakers,Raptors,International,Captain Lee,Boeing 747,77,10,4,2.51,37
2028-02-16,2028-02-17,Bulls,Nets,Domestic,Captain Smith,Embraer 190,123,15,8,1.33,66
2028-02-17,2028-02-18,Bulls,Nets,Domestic,Captain Tan,Embraer 190,88,15,4,2.14,93
2028-02-18,2028-02-19,Heat,Suns,Domestic,Captain Smith,Boeing 737,106,7,13,2.23,60
2028-02-19,2028-02-20,Lakers,Nets,Domestic,Captain Smith,Embraer 190,66,5,4,3.42,0
2028-02-20,2028-02-21,Lakers,Suns,Domestic,Captain Tan,Boeing 747,93,18,12,4.74,93
2028-02-21,2028-02-22,Heat,Knicks,International,Captain Cruz,Boeing 737,74,16,11,3.37,44
2028-02-22,2028-02-23,Warriors,Knicks,Domestic,Captain Tan,Airbus A320,66,12,6,1.29,95
2028-02-23,2028-02-24,Bulls,Knicks,Domestic,Captain Lee,Embraer 190,62,16,6,5.79,27
2028-02-24,2028-02-25,Bulls,Spurs,Domestic,Captain Reyes,Embraer 190,74,17,7,5.71,20
2028-02-25,2028-02-26,Celtics,Spurs,International,Captain Tan,Boeing 737,117,9,9,4.93,109
2028-02-26,2028-02-27,Heat,Suns,International,Captain Smith,Bombardier CRJ,59,19,11,5.96,12
2028-02-27,2028-02-28,Celtics,Nets,International,Captain Smith,Embraer 190,116,9,7,3.72,26
2028-02-28,2028-02-29,Celtics,Nets,International,Captain Tan,Boeing 747,67,15,13,5.81,99
2028-02-29,2028-03-01,Lakers,Knicks,International,Captain Reyes,Embraer 190,83,8,2,1.38,6
2028-03-01,2028-03-02,Bulls,Raptors,International,Captain Tan,Airbus A320,57,10,9,2.83,21
2028-03-02,2028-03-03,Celtics,Spurs,International,Captain Reyes,Embraer 190,89,7,9,2.13,73
2028-03-03,2028-03-04,Lakers,Spurs,Domestic,Captain Reyes,Bombardier CRJ,91,13,10,1.98,102
2028-03-04,2028-03-05,Heat,Knicks,Domestic,Captain Lee,Embraer 190,90,9,10,1.7,52
2028-03-05,2028-03-06,Celtics,Spurs,International,Captain Smith,Boeing 737,55,7,3,4.11,78
2028-03-06,2028-03-07,Bulls,Knicks,Domestic,Captain Smith,Embraer 190,101,15,3,4.91,78
2028-03-07,2028-03-08,Celtics,Suns,Domestic,Captain Reyes,Bombardier CRJ,75,5,4,3.89,3
2028-03-08,2028-03-09,Heat,Nets,International,Captain Smith,Boeing 737,113,14,2,1.73,95
2028-03-09,2028-03-10,Celtics,Raptors,Domestic,Captain Cruz,Boeing 747,108,16,5,5.06,22
2028-03-10,2028-03-11,Bulls,Nets,Domestic,Captain Reyes,Boeing 737,105,10,5,4.18,118
2028-03-11,2028-03-12,Lakers,Nets,International,Captain Smith,Airbus A320,108,19,10,2.94,69
2028-03-12,2028-03-13,Bulls,Suns,Domestic,Captain Cruz,Boeing 737,119,6,10,4.37,87
2028-03-13,2028-03-14,Lakers,Spurs,International,Captain Lee,Boeing 747,82,17,10,2.3,83
2028-03-14,2028-03-15,Warriors,Raptors,International,Captain Smith,Embraer 190,102,7,11,2.73,100
2028-03-15,2028-03-16,Bulls,Spurs,Domestic,Captain Cruz,Boeing 737,71,5,8,5.59,83
2028-03-16,2028-03-17,Bulls,Nets,Domestic,Captain Tan,Boeing 737,70,13,3,2.45,75
2028-03-17,2028-03-18,Heat,Knicks,Domestic,Captain Tan,Boeing 737,119,12,11,3.35,32
2028-03-18,2028-03-19,Celtics,Nets,International,Captain Cruz,Boeing 737,119,16,6,5.45,27
2028-03-19,2028-03-20,Lakers,Spurs,International,Captain Reyes,Boeing 747,53,6,5,4.54,7
2028-03-20,2028-03-21,Lakers,Nets,International,Captain Reyes,Bombardier CRJ,124,19,13,1.31,0
2028-03-21,2028-03-22,Heat,Knicks,Domestic,Captain Smith,Bombardier CRJ,111,16,12,1.74,36
2028-03-22,2028-03-23,Heat,Suns,Domestic,Captain Tan,Boeing 737,111,15,9,1.04,62
2028-03-23,2028-03-24,Celtics,Spurs,International,Captain Reyes,Boeing 747,73,12,3,4.15,21
2028-03-24,2028-03-25,Celtics,Nets,Domestic,Captain Reyes,Boeing 747,104,16,7,3.24,69
2028-03-25,2028-03-26,Bulls,Spurs,Domestic,Captain Tan,Boeing 737,58,18,14,1.67,20
2028-03-26,2028-03-27,Warriors,Suns,International,Captain Lee,Airbus A320,52,13,6,5.79,95
2028-03-27,2028-03-28,Celtics,Nets,International,Captain Reyes,Boeing 737,80,5,13,3.65,34
2028-03-28,2028-03-29,Heat,Nets,Domestic,Captain Cruz,Airbus A320,89,17,3,2.21,78
2028-03-29,2028-03-30,Celtics,Spurs,International,Captain Smith,Boeing 737,85,9,12,3.5,4
2028-03-30,2028-03-31,Lakers,Spurs,Domestic,Captain Reyes,Airbus A320,73,12,11,4.4,59
2028-03-31,2028-04-01,Warriors,Knicks,International,Captain Reyes,Airbus A320,55,19,2,1.38,119
2028-04-01,2028-04-02,Bulls,Suns,International,Captain Lee,Boeing 737,115,15,9,2.37,45
2028-04-02,2028-04-03,Lakers,Knicks,International,Captain Cruz,Airbus A320,124,18,3,5.03,49
2028-04-03,2028-04-04,Lakers,Nets,Domestic,Captain Smith,Embraer 190,53,6,8,3.3,47
2028-04-04,2028-04-05,Warriors,Spurs,Domestic,Captain Reyes,Bombardier CRJ,128,8,10,3.73,5
2028-04-05,2028-04-06,Bulls,Nets,International,Captain Smith,Boeing 747,55,11,10,3.16,88
2028-04-06,2028-04-07,Heat,Nets,International,Captain Tan,Airbus A320,100,7,9,1.22,55
2028-04-07,2028-04-08,Bulls,Raptors,International,Captain Reyes,Airbus A320,111,17,12,1.83,109
2028-04-08,2028-04-09,Celtics,Raptors,Domestic,Captain Reyes,Boeing 747,106,16,13,3.23,58
2028-04-09,2028-04-10,Lakers,Nets,International,Captain Tan,Airbus A320,115,9,11,2.05,119
2028-04-10,2028-04-11,Celtics,Spurs,International,Captain Lee,Boeing 747,128,12,10,1.25,103
2028-04-11,2028-04-12,Heat,Nets,International,Captain Reyes,Boeing 737,124,16,3,5.22,28
2028-04-12,2028-04-13,Celtics,Raptors,International,Captain Smith,Embraer 190,57,14,7,5.91,70
2028-04-13,2028-04-14,Bulls,Spurs,Domestic,Captain Cruz,Embraer 190,75,7,5,4.97,103
2028-04-14,2028-04-15,Celtics,Nets,Domestic,Captain Smith,Bombardier CRJ,100,8,5,5.27,76
2028-04-15,2028-04-16,Heat,Suns,International,Captain Lee,Airbus A320,94,18,6,2.21,101
2028-04-16,2028-04-17,Heat,Suns,Domestic,Captain Cruz,Bombardier CRJ,93,19,13,5.8,17
2028-04-17,2028-04-18,Heat,Nets,Domestic,Captain Smith,Boeing 737,54,13,4,1.98,1
2028-04-18,2028-04-19,Bulls,Spurs,Domestic,Captain Smith,Embraer 190,119,18,2,5.76,7
2028-04-19,2028-04-20,Heat,Nets,International,Captain Tan,Boeing 737,75,18,9,5.97,74
2028-04-20,2028-04-21,Lakers,Nets,Domestic,Captain Lee,Boeing 737,117,11,6,4.56,96
2028-04-21,2028-04-22,Heat,Raptors,Domestic,Captain Tan,Airbus A320,68,5,4,5.91,53
2028-04-22,2028-04-23,Celtics,Suns,Domestic,Captain Cruz,Boeing 737,69,18,11,3.85,37
2028-04-23,2028-04-24,Celtics,Raptors,International,Captain Tan,Embraer 190,61,16,8,2.3,47
2028-04-24,2028-04-25,Celtics,Raptors,International,Captain Lee,Bombardier CRJ,96,8,8,3.18,26
2028-04-25,2028-04-26,Bulls,Nets,Domestic,Captain Reyes,Embraer 190,50,8,2,3.97,19
2028-04-26,2028-04-27,Celtics,Raptors,Domestic,Captain Reyes,Airbus A320,63,13,13,1.37,11
2028-04-27,2028-04-28,Bulls,Suns,International,Captain Cruz,Embraer 190,113,10,10,4.11,42
2028-04-28,2028-04-29,Bulls,Raptors,International,Captain Reyes,Boeing 747,87,13,3,5.91,60
2028-04-29,2028-04-30,Heat,Suns,Domestic,Captain Tan,Bombardier CRJ,86,16,6,1.95,30
2028-04-30,2028-05-01,Lakers,Raptors,Domestic,Captain Cruz,Boeing 747,60,19,14,4.96,90
2028-05-01,2028-05-02,Heat,Suns,International,Captain Lee,Boeing 747,126,10,6,5.54,95
2028-05-02,2028-05-03,Heat,Raptors,International,Captain Cruz,Airbus A320,52,10,9,5.72,60
2028-05-03,2028-05-04,Bulls,Raptors,Domestic,Captain Cruz,Boeing 737,82,9,9,5.8,73
2028-05-04,2028-05-05,Bulls,Spurs,International,Captain Smith,Boeing 747,55,9,8,3.61,66
2028-05-05,2028-05-06,Celtics,Suns,Domestic,Captain Smith,Embraer 190,99,6,8,5.89,108
2028-05-06,2028-05-07,Celtics,Suns,Domestic,Captain Cruz,Boeing 737,59,12,13,4.79,90
2028-05-07,2028-05-08,Heat,Suns,Domestic,Captain Reyes,Embraer 190,54,12,12,1.81,34
2028-05-08,2028-05-09,Warriors,Knicks,International,Captain Smith,Embraer 190,72,15,7,3.38,94
2028-05-09,2028-05-10,Warriors,Raptors,Domestic,Captain Lee,Boeing 737,59,17,7,4.59,14
2028-05-10,2028-05-11,Celtics,Suns,Domestic,Captain Tan,Boeing 737,93,5,12,2.24,15
2028-05-11,2028-05-12,Warriors,Knicks,International,Captain Smith,Embraer 190,51,12,10,4.2,12
2028-05-12,2028-05-13,Celtics,Spurs,International,Captain Cruz,Airbus A320,62,9,7,4.33,112
2028-05-13,2028-05-14,Bulls,Suns,Domestic,Captain Reyes,Bombardier CRJ,89,6,13,1.81,34
2028-05-14,2028-05-15,Heat,Suns,Domestic,Captain Tan,Bombardier CRJ,51,18,14,3.83,115
2028-05-15,2028-05-16,Lakers,Knicks,International,Captain Smith,Airbus A320,114,6,14,4.86,74
2028-05-16,2028-05-17,Heat,Raptors,International,Captain Reyes,Boeing 737,112,18,3,3.49,58
2028-05-17,2028-05-18,Celtics,Spurs,International,Captain Reyes,Embraer 190,122,19,3,1.06,20
2028-05-18,2028-05-19,Celtics,Suns,Domestic,Captain Reyes,Bombardier CRJ,66,19,14,1.05,114
2028-05-19,2028-05-20,Heat,Raptors,Domestic,Captain Cruz,Embraer 190,58,10,6,2.79,53
2028-05-20,2028-05-21,Celtics,Spurs,Domestic,Captain Lee,Airbus A320,124,15,5,5.63,74
2028-05-21,2028-05-22,Warriors,Nets,International,Captain Reyes,Embraer 190,64,17,12,2.14,29
2028-05-22,2028-05-23,Warriors,Nets,Domestic,Captain Tan,Airbus A320,73,13,3,4.17,47
2028-05-23,2028-05-24,Celtics,Spurs,International,Captain Smith,Boeing 737,87,5,4,2.11,116
2028-05-24,2028-05-25,Celtics,Knicks,Domestic,Captain Tan,Airbus A320,84,16,8,2.61,34
2028-05-25,2028-05-26,Warriors,Spurs,International,Captain Cruz,Airbus A320,98,10,9,5.24,85
2028-05-26,2028-05-27,Celtics,Spurs,Domestic,Captain Cruz,Bombardier CRJ,118,13,13,4.64,37
2028-05-27,2028-05-28,Celtics,Knicks,Domestic,Captain Tan,Embraer 190,111,12,14,1.48,30
2028-05-28,2028-05-29,Heat,Knicks,International,Captain Lee,Bombardier CRJ,109,15,7,3.14,77
2028-05-29,2028-05-30,Lakers,Raptors,International,Captain Cruz,Boeing 747,99,10,12,1.15,23
2028-05-30,2028-05-31,Warriors,Raptors,Domestic,Captain Cruz,Airbus A320,127,7,6,3.4,113
2028-05-31,2028-06-01,Heat,Knicks,International,Captain Tan,Boeing 747,124,12,14,4.31,48
2028-06-01,2028-06-02,Lakers,Nets,International,Captain Cruz,Bombardier CRJ,58,13,2,1.59,95
2028-06-02,2028-06-03,Celtics,Nets,Domestic,Captain Lee,Embraer 190,83,5,9,2.44,99
2028-06-03,2028-06-04,Celtics,Spurs,International,Captain Lee,Bombardier CRJ,125,16,4,2.99,31
2028-06-04,2028-06-05,Heat,Suns,Domestic,Captain Lee,Embraer 190,84,13,7,5.6,54
2028-06-05,2028-06-06,Celtics,Spurs,Domestic,Captain Smith,Embraer 190,50,18,4,5.97,78
2028-06-06,2028-06-07,Bulls,Spurs,International,Captain Lee,Boeing 737,89,19,8,1.22,106
2028-06-07,2028-06-08,Heat,Suns,International,Captain Lee,Airbus A320,113,10,14,4.81,57
2028-06-08,2028-06-09,Lakers,Knicks,Domestic,Captain Smith,Bombardier CRJ,71,10,8,2.86,98
2028-06-09,2028-06-10,Heat,Nets,Domestic,Captain Reyes,Embraer 190,109,16,13,2.96,2
2028-06-10,2028-06-11,Warriors,Spurs,Domestic,Captain Cruz,Bombardier CRJ,113,8,10,4.77,79
2028-06-11,2028-06-12,Heat,Suns,Domestic,Captain Lee,Bombardier CRJ,121,5,6,5.59,68
2028-06-12,2028-06-13,Celtics,Raptors,Domestic,Captain Cruz,Embraer 190,60,14,9,5.75,84
2028-06-13,2028-06-14,Celtics,Spurs,Domestic,Captain Tan,Boeing 747,63,12,11,3.89,9
2028-06-14,2028-06-15,Bulls,Nets,International,Captain Cruz,Airbus A320,109,6,11,2.79,82
2028-06-15,2028-06-16,Bulls,Knicks,International,Captain Smith,Airbus A320,79,16,9,4.94,24
2028-06-16,2028-06-17,Bulls,Spurs,International,Captain Cruz,Boeing 737,84,5,2,2.26,67
2028-06-17,2028-06-18,Lakers,Spurs,Domestic,Captain Cruz,Boeing 737,86,6,13,3.82,60
2028-06-18,2028-06-19,Bulls,Suns,International,Captain Cruz,Boeing 737,54,5,6,2.79,28
2028-06-19,2028-06-20,Lakers,Raptors,Domestic,Captain Reyes,Airbus A320,127,5,4,4.28,18
2028-06-20,2028-06-21,Bulls,Raptors,Domestic,Captain Reyes,Boeing 747,75,13,2,2.2,42
2028-06-21,2028-06-22,Lakers,Knicks,International,Captain Tan,Airbus A320,111,17,5,1.96,65
2028-06-22,2028-06-23,Heat,Nets,Domestic,Captain Smith,Airbus A320,53,18,9,5.59,73
2028-06-23,2028-06-24,Heat,Knicks,Domestic,Captain Cruz,Airbus A320,91,5,4,1.51,60
2028-06-24,2028-06-25,Celtics,Spurs,Domestic,Captain Cruz,Airbus A320,67,17,11,3.53,42
2028-06-25,2028-06-26,Lakers,Spurs,Domestic,Captain Cruz,Boeing 747,89,8,3,2.1,24
2028-06-26,2028-06-27,Warriors,Raptors,Domestic,Captain Cruz,Boeing 737,121,14,12,1.19,19
2028-06-27,2028-06-28,Celtics,Nets,Domestic,Captain Reyes,Bombardier CRJ,88,10,10,1.18,47
2028-06-28,2028-06-29,Heat,Suns,International,Captain Tan,Boeing 737,63,11,11,1.88,82
2028-06-29,2028-06-30,Lakers,Nets,Domestic,Captain Lee,Boeing 737,81,6,6,5.33,86
2028-06-30,2028-07-01,Bulls,Spurs,Domestic,Captain Smith,Bombardier CRJ,100,10,8,2.41,23
2028-07-01,2028-07-02,Warriors,Suns,Domestic,Captain Cruz,Airbus A320,87,11,12,5.75,10
2028-07-02,2028-07-03,Heat,Nets,Domestic,Captain Tan,Boeing 747,72,14,12,3.91,109
2028-07-03,2028-07-04,Celtics,Nets,International,Captain Lee,Boeing 747,112,18,3,3.18,97
2028-07-04,2028-07-05,Lakers,Suns,International,Captain Tan,Boeing 737,64,14,10,3.9,54
2028-07-05,2028-07-06,Warriors,Spurs,Domestic,Captain Reyes,Bombardier CRJ,74,6,14,3.58,27
2028-07-06,2028-07-07,Lakers,Nets,Domestic,Captain Lee,Embraer 190,66,19,10,4.79,68
2028-07-07,2028-07-08,Bulls,Suns,Domestic,Captain Tan,Airbus A320,115,6,5,2.41,62
2028-07-08,2028-07-09,Celtics,Spurs,International,Captain Reyes,Boeing 737,127,14,5,2.77,58
2028-07-09,2028-07-10,Lakers,Suns,International,Captain Tan,Boeing 747,102,11,7,5.47,4
2028-07-10,2028-07-11,Heat,Suns,International,Captain Tan,Bombardier CRJ,100,16,11,5.73,50
2028-07-11,2028-07-12,Celtics,Nets,International,Captain Lee,Bombardier CRJ,88,5,11,5.46,20
2028-07-12,2028-07-13,Heat,Spurs,Domestic,Captain Reyes,Boeing 737,100,12,11,3.1,11
2028-07-13,2028-07-14,Lakers,Nets,International,Captain Cruz,Embraer 190,119,15,7,4.9,49
2028-07-14,2028-07-15,Celtics,Knicks,International,Captain Smith,Boeing 747,55,17,13,3.38,3
2028-07-15,2028-07-16,Heat,Knicks,Domestic,Captain Lee,Boeing 737,116,7,2,3.49,117
2028-07-16,2028-07-17,Bulls,Spurs,Domestic,Captain Reyes,Embraer 190,56,15,10,2.02,112
2028-07-17,2028-07-18,Bulls,Suns,International,Captain Tan,Bombardier CRJ,100,10,3,3.96,41
2028-07-18,2028-07-19,Lakers,Nets,International,Captain Reyes,Airbus A320,121,13,6,1.93,83
2028-07-19,2028-07-20,Celtics,Nets,International,Captain Smith,Boeing 747,91,10,10,2.66,37
2028-07-20,2028-07-21,Warriors,Spurs,International,Captain Smith,Boeing 747,113,13,5,5.28,24
2028-07-21,2028-07-22,Celtics,Spurs,Domestic,Captain Cruz,Embraer 190,64,11,12,2.04,13
2028-07-22,2028-07-23,Bulls,Knicks,Domestic,Captain Cruz,Boeing 737,78,19,4,1.36,74
2028-07-23,2028-07-24,Heat,Raptors,International,Captain Smith,Bombardier CRJ,82,13,8,1.35,31
2028-07-24,2028-07-25,Warriors,Spurs,International,Captain Lee,Embraer 190,76,6,7,5.7,10
2028-07-25,2028-07-26,Lakers,Raptors,International,Captain Lee,Airbus A320,85,16,9,3.53,60
2028-07-26,2028-07-27,Warriors,Spurs,International,Captain Tan,Airbus A320,78,12,4,3.05,17
2028-07-27,2028-07-28,Lakers,Suns,International,Captain Cruz,Airbus A320,87,12,6,5.05,26
2028-07-28,2028-07-29,Warriors,Suns,Domestic,Captain Tan,Embraer 190,106,6,11,5.18,54
2028-07-29,2028-07-30,Lakers,Knicks,Domestic,Captain Cruz,Bombardier CRJ,76,16,5,2.66,53
2028-07-30,2028-07-31,Lakers,Knicks,Domestic,Captain Smith,Boeing 747,104,18,14,4.47,81
2028-07-31,2028-08-01,Warriors,Raptors,International,Captain Lee,Boeing 737,82,8,5,4.86,119
2028-08-01,2028-08-02,Warriors,Spurs,International,Captain Lee,Boeing 747,117,18,5,4.27,86
2028-08-02,2028-08-03,Lakers,Nets,Domestic,Captain Smith,Bombardier CRJ,115,19,11,1.76,74
2028-08-03,2028-08-04,Bulls,Knicks,Domestic,Captain Tan,Boeing 747,59,15,9,5.38,20
2028-08-04,2028-08-05,Warriors,Nets,International,Captain Tan,Embraer 190,54,19,7,3.7,43
2028-08-05,2028-08-06,Celtics,Nets,Domestic,Captain Reyes,Airbus A320,123,11,4,2.41,4
2028-08-06,2028-08-07,Heat,Spurs,International,Captain Cruz,Bombardier CRJ,87,15,11,3.13,86
2028-08-07,2028-08-08,Lakers,Raptors,International,Captain Tan,Bombardier CRJ,62,8,6,1.19,40
2028-08-08,2028-08-09,Lakers,Spurs,Domestic,Captain Smith,Boeing 747,80,8,7,1.64,58
2028-08-09,2028-08-10,Heat,Knicks,Domestic,Captain Tan,Embraer 190,96,10,6,4.83,88
2028-08-10,2028-08-11,Bulls,Nets,Domestic,Captain Lee,Boeing 747,101,14,7,1.0,104
2028-08-11,2028-08-12,Heat,Spurs,International,Captain Cruz,Boeing 747,105,10,9,3.08,53
2028-08-12,2028-08-13,Warriors,Spurs,International,Captain Reyes,Bombardier CRJ,64,14,8,3.61,73
2028-08-13,2028-08-14,Heat,Spurs,Domestic,Captain Cruz,Boeing 747,78,19,6,1.27,21
2028-08-14,2028-08-15,Lakers,Knicks,International,Captain Lee,Airbus A320,57,7,11,5.87,82
2028-08-15,2028-08-16,Heat,Raptors,International,Captain Lee,Boeing 747,54,19,7,2.13,64
2028-08-16,2028-08-17,Celtics,Spurs,International,Captain Lee,Airbus A320,78,13,5,2.52,63
2028-08-17,2028-08-18,Warriors,Knicks,Domestic,Captain Lee,Bombardier CRJ,96,16,13,2.52,70
2028-08-18,2028-08-19,Heat,Nets,International,Captain Smith,Embraer 190,117,14,10,2.15,3
2028-08-19,2028-08-20,Lakers,Suns,Domestic,Captain Reyes,Airbus A320,125,18,14,1.01,64
2028-08-20,2028-08-21,Warriors,Knicks,Domestic,Captain Lee,Embraer 190,94,15,5,4.65,14
2028-08-21,2028-08-22,Lakers,Suns,International,Captain Lee,Embraer 190,51,6,2,5.83,103
2028-08-22,2028-08-23,Bulls,Spurs,Domestic,Captain Tan,Airbus A320,76,10,8,2.12,75
2028-08-23,2028-08-24,Celtics,Spurs,International,Captain Reyes,Bombardier CRJ,85,16,8,4.32,21
2028-08-24,2028-08-25,Bulls,Knicks,Domestic,Captain Cruz,Boeing 737,85,11,5,4.71,85
2028-08-25,2028-08-26,Celtics,Suns,Domestic,Captain Reyes,Embraer 190,75,16,14,5.24,113
2028-08-26,2028-08-27,Heat,Spurs,International,Captain Reyes,Embraer 190,92,17,4,3.11,46
2028-08-27,2028-08-28,Warriors,Nets,Domestic,Captain Reyes,Bombardier CRJ,76,13,9,2.51,80
2028-08-28,2028-08-29,Heat,Raptors,Domestic,Captain Lee,Bombardier CRJ,118,17,6,2.63,92
2028-08-29,2028-08-30,Celtics,Raptors,Domestic,Captain Lee,Boeing 747,69,7,11,4.56,45
2028-08-30,2028-08-31,Celtics,Spurs,International,Captain Smith,Bombardier CRJ,60,14,8,5.08,13
2028-08-31,2028-09-01,Celtics,Suns,International,Captain Cruz,Embraer 190,123,7,5,1.91,49
2028-09-01,2028-09-02,Lakers,Spurs,Domestic,Captain Tan,Airbus A320,87,11,5,2.85,19
2028-09-02,2028-09-03,Warriors,Suns,Domestic,Captain Reyes,Boeing 737,55,18,9,5.51,49
2028-09-03,2028-09-04,Heat,Nets,Domestic,Captain Cruz,Boeing 747,121,8,9,5.03,111
2028-09-04,2028-09-05,Heat,Suns,International,Captain Cruz,Airbus A320,72,17,3,5.92,32
2028-09-05,2028-09-06,Bulls,Spurs,International,Captain Smith,Boeing 737,96,12,3,4.77,118
2028-09-06,2028-09-07,Celtics,Nets,Domestic,Captain Tan,Boeing 737,95,17,4,2.97,58
2028-09-07,2028-09-08,Celtics,Knicks,International,Captain Reyes,Boeing 737,61,11,13,3.95,42
2028-09-08,2028-09-09,Celtics,Raptors,International,Captain Tan,Airbus A320,62,9,13,4.31,78
2028-09-09,2028-09-10,Heat,Spurs,International,Captain Smith,Boeing 747,111,11,4,1.39,11
2028-09-10,2028-09-11,Bulls,Spurs,International,Captain Lee,Boeing 747,109,7,2,3.72,39
2028-09-11,2028-09-12,Lakers,Spurs,Domestic,Captain Cruz,Boeing 737,92,16,4,4.55,117
2028-09-12,2028-09-13,Warriors,Nets,International,Captain Reyes,Airbus A320,125,6,7,1.84,19
2028-09-13,2028-09-14,Lakers,Knicks,International,Captain Lee,Boeing 737,117,10,9,4.9,93
2028-09-14,2028-09-15,Heat,Suns,Domestic,Captain Smith,Bombardier CRJ,54,6,14,3.92,37
2028-09-15,2028-09-16,Celtics,Knicks,Domestic,Captain Tan,Boeing 747,86,7,13,5.76,2
2028-09-16,2028-09-17,Warriors,Nets,International,Captain Cruz,Embraer 190,121,10,11,1.21,27
2028-09-17,2028-09-18,Heat,Spurs,International,Captain Reyes,Boeing 737,80,9,7,2.33,55
2028-09-18,2028-09-19,Heat,Raptors,Domestic,Captain Lee,Bombardier CRJ,58,12,6,4.01,89
2028-09-19,2028-09-20,Heat,Spurs,Domestic,Captain Lee,Boeing 747,100,13,5,2.48,93
2028-09-20,2028-09-21,Warriors,Suns,Domestic,Captain Cruz,Airbus A320,78,15,4,4.57,12
2028-09-21,2028-09-22,Warriors,Raptors,International,Captain Tan,Boeing 747,127,7,14,4.8,76
2028-09-22,2028-09-23,Bulls,Spurs,International,Captain Smith,Airbus A320,89,16,5,1.51,65
2028-09-23,2028-09-24,Bulls,Raptors,Domestic,Captain Tan,Airbus A320,90,14,8,3.57,36
2028-09-24,2028-09-25,Lakers,Knicks,International,Captain Tan,Boeing 737,60,7,2,3.54,48
2028-09-25,2028-09-26,Warriors,Nets,Domestic,Captain Tan,Boeing 737,72,7,8,2.85,101
2028-09-26,2028-09-27,Warriors,Spurs,International,Captain Cruz,Boeing 747,50,17,2,5.66,65
